subject,sample_idx,true_label,predicted_label,correct,decision_score
bayu,0,lie,lie,True,0.07801508031469712
bayu,1,lie,lie,True,0.06195022458633853
bayu,2,lie,truth,False,-0.07028316962859366
bayu,3,lie,truth,False,-0.11848822235953
bayu,4,lie,truth,False,-0.8849412644366501
bayu,5,lie,truth,False,-0.6314329211773753
bayu,6,lie,truth,False,-0.2752135063411785
bayu,7,lie,truth,False,-0.34126353394842407
bayu,8,lie,truth,False,-0.1891078575421215
bayu,9,lie,lie,True,0.04331827630135193
bayu,10,lie,truth,False,-0.14288522588293578
bayu,11,truth,truth,True,-1.732646445857215
bayu,12,truth,truth,True,-1.4563702892425725
bayu,13,truth,truth,True,-1.1055805656555628
bayu,14,truth,truth,True,-0.06278559475290696
bayu,15,truth,truth,True,-0.4037001933511423
bayu,16,truth,truth,True,-1.377644442598234
bayu,17,truth,truth,True,-1.8411287503248197
bayu,18,truth,truth,True,-0.953724029083707
bayu,19,truth,truth,True,-0.4264789097474195
bayu,20,truth,truth,True,-0.4896348477649664
bayu,21,truth,truth,True,-0.6140508424098112
bayu,22,lie,lie,True,0.09421001276584506
bayu,23,lie,lie,True,0.1990415837440968
bayu,24,lie,lie,True,0.6774769786491037
bayu,25,lie,lie,True,0.6756742614654068
bayu,26,lie,lie,True,0.28961031976471713
bayu,27,lie,lie,True,0.7283263692405175
bayu,28,lie,lie,True,0.7549806544685178
bayu,29,lie,lie,True,0.11473168074477122
bayu,30,lie,lie,True,0.09138456706815065
bayu,31,lie,truth,False,-0.0979796282988046
bayu,32,lie,truth,False,-0.22788124365606244
bayu,33,truth,truth,True,-1.7004424494346142
bayu,34,truth,truth,True,-1.9648681333104412
bayu,35,truth,truth,True,-1.8628196011144607
bayu,36,truth,truth,True,-2.0080937378849457
bayu,37,truth,truth,True,-2.308393756131125
bayu,38,truth,truth,True,-1.9724228902373235
bayu,39,truth,truth,True,-2.420794450841832
bayu,40,truth,truth,True,-2.418957364044212
bayu,41,truth,truth,True,-2.3953204115011366
bayu,42,truth,truth,True,-3.101828398012721
bayu,43,truth,truth,True,-2.7128527649934724
bayu,44,lie,lie,True,1.790169289168241
bayu,45,lie,lie,True,0.7037302784528598
bayu,46,lie,lie,True,0.4802601487950005
bayu,47,lie,lie,True,0.4629450637591071
bayu,48,lie,lie,True,0.7036203056637766
bayu,49,lie,lie,True,2.104179381771252
bayu,50,lie,lie,True,1.2006772988659036
bayu,51,lie,lie,True,1.714021622726557
bayu,52,lie,lie,True,1.3351206054607292
bayu,53,lie,lie,True,3.958439419940452
bayu,54,lie,lie,True,3.929763140695932
bayu,55,truth,lie,False,0.1577029975034397
bayu,56,truth,truth,True,-0.06126628444609955
bayu,57,truth,lie,False,0.12914104620255734
bayu,58,truth,truth,True,-0.4658602249042955
bayu,59,truth,truth,True,-0.0907664465444053
bayu,60,truth,truth,True,-0.1599976762276229
bayu,61,truth,truth,True,-0.09446416494695592
bayu,62,truth,truth,True,-0.848600444608159
bayu,63,truth,truth,True,-1.7280115156323574
bayu,64,truth,truth,True,-0.5166989273002807
bayu,65,truth,truth,True,-0.5546345087898377
bayu,66,lie,lie,True,0.10714180239785237
bayu,67,lie,lie,True,0.37530150877026164
bayu,68,lie,truth,False,-0.28182939397733814
bayu,69,lie,lie,True,0.353184524428013
bayu,70,lie,lie,True,0.7769598802100457
bayu,71,lie,lie,True,0.3527952609996408
bayu,72,lie,lie,True,0.19704423721696235
bayu,73,lie,lie,True,0.21671380867934237
bayu,74,lie,lie,True,0.6563758485751643
bayu,75,lie,lie,True,0.3778011528699617
bayu,76,lie,lie,True,0.4220603935707697
bayu,77,truth,truth,True,-0.10267438079802255
bayu,78,truth,lie,False,0.45204908005762273
bayu,79,truth,lie,False,0.2006289659007015
bayu,80,truth,lie,False,0.059964273173226446
bayu,81,truth,truth,True,-0.20749599792020285
bayu,82,truth,truth,True,-0.4798596382984794
bayu,83,truth,truth,True,-0.6923982195684906
bayu,84,truth,truth,True,-1.0522686778143762
bayu,85,truth,truth,True,-1.239279068107601
bayu,86,truth,truth,True,-1.1788340856088302
bayu,87,truth,truth,True,-0.7304713526240196
desta,0,lie,truth,False,-0.37068440708551914
desta,1,lie,lie,True,0.29804755773820063
desta,2,lie,truth,False,-0.2895295581128416
desta,3,lie,truth,False,-0.22396722646234796
desta,4,lie,truth,False,-0.26410477772786306
desta,5,lie,truth,False,-0.6141421236659526
desta,6,lie,truth,False,-0.9965836867276122
desta,7,lie,truth,False,-0.7249072567517136
desta,8,lie,truth,False,-0.8020176509453918
desta,9,lie,truth,False,-0.7003943044678643
desta,10,lie,truth,False,-0.7203652581115558
desta,11,truth,truth,True,-0.5425566790290661
desta,12,truth,truth,True,-0.5556238868067608
desta,13,truth,truth,True,-0.7923781900391041
desta,14,truth,truth,True,-1.0975820381184012
desta,15,truth,truth,True,-0.8876201772255365
desta,16,truth,truth,True,-0.5007086749835583
desta,17,truth,truth,True,-0.9101948080101507
desta,18,truth,truth,True,-1.156231623519506
desta,19,truth,truth,True,-0.8123412449366394
desta,20,truth,truth,True,-0.6871214900741358
desta,21,truth,truth,True,-0.6442117460395328
desta,22,lie,lie,True,0.63038251518161
desta,23,lie,lie,True,0.5265692219298932
desta,24,lie,lie,True,0.5134962653647099
desta,25,lie,lie,True,1.3772132048286871
desta,26,lie,lie,True,0.18884105716217608
desta,27,lie,truth,False,-0.12762646566633312
desta,28,lie,truth,False,-0.6203808803212667
desta,29,lie,truth,False,-0.4904197500819006
desta,30,lie,lie,True,0.14827913255856945
desta,31,lie,lie,True,0.582527437396994
desta,32,lie,lie,True,0.8915044814130668
desta,33,truth,truth,True,-1.472635330195137
desta,34,truth,truth,True,-1.4891817490353307
desta,35,truth,truth,True,-1.2579280642790491
desta,36,truth,truth,True,-1.308651665925913
desta,37,truth,truth,True,-1.7748564583126034
desta,38,truth,truth,True,-1.4191878271159184
desta,39,truth,truth,True,-1.0331375656238464
desta,40,truth,truth,True,-1.0041659047034008
desta,41,truth,truth,True,-0.8466760332383954
desta,42,truth,truth,True,-0.8014851613956055
desta,43,truth,truth,True,-0.4050647866381348
desta,44,lie,lie,True,0.470361715205356
desta,45,lie,lie,True,0.0496457854879024
desta,46,lie,truth,False,-0.33627689638525565
desta,47,lie,truth,False,-0.8875919820002365
desta,48,lie,truth,False,-1.1172183055728733
desta,49,lie,truth,False,-0.9761744756775508
desta,50,lie,truth,False,-0.44616073489204694
desta,51,lie,truth,False,-0.06945619102399862
desta,52,lie,lie,True,0.2513738458683367
desta,53,lie,truth,False,-0.03840286360247473
desta,54,lie,truth,False,-0.4089354640725192
desta,55,truth,truth,True,-1.7070207418113117
desta,56,truth,truth,True,-0.5002671161724899
desta,57,truth,truth,True,-0.545350395367771
desta,58,truth,truth,True,-0.41904630514431745
desta,59,truth,truth,True,-1.1357877403776238
desta,60,truth,truth,True,-1.2671278110341015
desta,61,truth,truth,True,-1.6280159890815635
desta,62,truth,truth,True,-1.780185889596938
desta,63,truth,truth,True,-0.942122537411695
desta,64,truth,truth,True,-0.7998135483707185
desta,65,truth,truth,True,-1.0002530081451948
desta,66,lie,lie,True,1.084135067005554
desta,67,lie,lie,True,0.4424636604213374
desta,68,lie,lie,True,0.5789110510720608
desta,69,lie,lie,True,0.7571907052074469
desta,70,lie,lie,True,0.46149014072407074
desta,71,lie,lie,True,0.91625656793065
desta,72,lie,lie,True,0.8920581973958035
desta,73,lie,lie,True,0.9548237509628192
desta,74,lie,lie,True,0.1721531474923254
desta,75,lie,lie,True,0.05061896495714287
desta,76,lie,lie,True,0.19529223503655196
desta,77,truth,truth,True,-0.3624436782019443
desta,78,truth,truth,True,-0.28272103970010726
desta,79,truth,truth,True,-0.43690559294669373
desta,80,truth,truth,True,-0.7650532504281047
desta,81,truth,truth,True,-1.074009447302828
desta,82,truth,truth,True,-0.30777834145216665
desta,83,truth,truth,True,-0.6856806261383939
desta,84,truth,truth,True,-0.485969750564441
desta,85,truth,lie,False,0.00702735837489156
desta,86,truth,truth,True,-0.21045571256678824
desta,87,truth,lie,False,0.027917873810694535
dewi,0,lie,lie,True,13.223499079862544
dewi,1,lie,lie,True,12.520076795554504
dewi,2,lie,lie,True,5.590298216001869
dewi,3,lie,lie,True,5.456056554248014
dewi,4,lie,lie,True,6.675799125974193
dewi,5,lie,lie,True,6.027184770441576
dewi,6,lie,lie,True,7.445287687088596
dewi,7,lie,lie,True,4.8036685603425715
dewi,8,lie,lie,True,3.701655808237359
dewi,9,lie,lie,True,3.930632901730393
dewi,10,lie,lie,True,4.330109570939094
dewi,11,truth,lie,False,0.7110210326294077
dewi,12,truth,lie,False,0.5272176583915629
dewi,13,truth,lie,False,0.4610364268929597
dewi,14,truth,lie,False,0.18425067245550047
dewi,15,truth,lie,False,0.8454249748256519
dewi,16,truth,lie,False,0.2499827507688746
dewi,17,truth,lie,False,1.274147351228304
dewi,18,truth,lie,False,1.8079779764578618
dewi,19,truth,truth,True,-0.516097555430743
dewi,20,truth,truth,True,-1.6904246259309454
dewi,21,truth,truth,True,-0.7490327210060519
dewi,22,lie,lie,True,3.2061726695828345
dewi,23,lie,lie,True,2.9188252063892066
dewi,24,lie,lie,True,2.1954513797269066
dewi,25,lie,lie,True,2.967124622529676
dewi,26,lie,lie,True,3.525366517340737
dewi,27,lie,lie,True,3.0370489236038054
dewi,28,lie,lie,True,1.9930820803136897
dewi,29,lie,lie,True,2.290538986293794
dewi,30,lie,lie,True,1.2174649784394893
dewi,31,lie,lie,True,1.332752246269853
dewi,32,lie,lie,True,1.8718314446500615
dewi,33,truth,lie,False,0.7856216818452764
dewi,34,truth,lie,False,0.9231233000664527
dewi,35,truth,truth,True,-0.43390454680718266
dewi,36,truth,lie,False,0.6106854642239417
dewi,37,truth,lie,False,1.5405882696237188
dewi,38,truth,lie,False,1.5162545394325377
dewi,39,truth,lie,False,1.6638269076341055
dewi,40,truth,lie,False,2.0261781958088636
dewi,41,truth,lie,False,1.388919221340757
dewi,42,truth,truth,True,-0.7122230007360408
dewi,43,truth,truth,True,-0.4312472960376889
dewi,44,lie,lie,True,3.484432442366672
dewi,45,lie,lie,True,3.2211420697216773
dewi,46,lie,lie,True,2.0081298413151485
dewi,47,lie,lie,True,2.0543650744414914
dewi,48,lie,lie,True,1.151151790555418
dewi,49,lie,lie,True,1.7834106536562184
dewi,50,lie,lie,True,2.1692446793226963
dewi,51,lie,lie,True,2.684947148748457
dewi,52,lie,lie,True,2.1693724846092644
dewi,53,lie,lie,True,1.6224340865377775
dewi,54,lie,lie,True,2.2567056861297856
dewi,55,truth,lie,False,4.015018221269476
dewi,56,truth,lie,False,3.8140684775163485
dewi,57,truth,lie,False,2.270648551804872
dewi,58,truth,lie,False,2.9219548833936435
dewi,59,truth,lie,False,3.2352613534029593
dewi,60,truth,lie,False,3.514624262778527
dewi,61,truth,lie,False,2.8973988963454236
dewi,62,truth,lie,False,3.247394787856863
dewi,63,truth,lie,False,2.963803379146815
dewi,64,truth,lie,False,1.5669537207348112
dewi,65,truth,lie,False,0.10802398068897295
dewi,66,lie,truth,False,-0.4965940502416983
dewi,67,lie,lie,True,0.46104435302261987
dewi,68,lie,lie,True,1.3560441907091323
dewi,69,lie,lie,True,0.1058003302353901
dewi,70,lie,lie,True,0.46087737375913723
dewi,71,lie,lie,True,2.2176493060185813
dewi,72,lie,lie,True,1.21230966193982
dewi,73,lie,truth,False,-0.23317222033603152
dewi,74,lie,truth,False,-0.8169835588892025
dewi,75,lie,truth,False,-0.14143446151827738
dewi,76,lie,truth,False,-0.5399162138934961
dewi,77,truth,lie,False,1.3853605098553032
dewi,78,truth,lie,False,1.6254122498999493
dewi,79,truth,truth,True,-0.028383619078396316
dewi,80,truth,truth,True,-0.24382449122983457
dewi,81,truth,truth,True,-0.7642185768745939
dewi,82,truth,truth,True,-1.6397209986862489
dewi,83,truth,truth,True,-0.9367389239568813
dewi,84,truth,lie,False,0.17405470539456652
dewi,85,truth,lie,False,0.2067036764013222
dewi,86,truth,lie,False,0.22565914936310488
dewi,87,truth,truth,True,-0.3180305745466125
esty,0,lie,lie,True,0.49038223208476384
esty,1,lie,lie,True,0.5691701751879813
esty,2,lie,lie,True,0.6141141691246058
esty,3,lie,lie,True,0.5964773486378588
esty,4,lie,truth,False,-0.9689750686013386
esty,5,lie,truth,False,-1.8776054763269356
esty,6,lie,truth,False,-2.239014288973066
esty,7,lie,truth,False,-1.9937499530779048
esty,8,lie,truth,False,-2.355973802716626
esty,9,lie,truth,False,-1.9812457783046025
esty,10,lie,truth,False,-1.3956056934374015
esty,11,truth,lie,False,1.0278006451914807
esty,12,truth,lie,False,0.43348702417557405
esty,13,truth,lie,False,0.5109837618960996
esty,14,truth,truth,True,-0.20770251577775578
esty,15,truth,truth,True,-0.7189865653838073
esty,16,truth,truth,True,-0.38764692456997796
esty,17,truth,lie,False,0.43996150824552427
esty,18,truth,lie,False,0.7841178453743424
esty,19,truth,lie,False,0.723128298863558
esty,20,truth,lie,False,1.105761221043319
esty,21,truth,lie,False,1.4889750775149233
esty,22,lie,truth,False,-0.26302374428331
esty,23,lie,truth,False,-1.7233294346939947
esty,24,lie,truth,False,-0.6041861201604671
esty,25,lie,truth,False,-0.8188538687404979
esty,26,lie,truth,False,-1.4674533372112695
esty,27,lie,truth,False,-2.2328597960063163
esty,28,lie,truth,False,-3.0666459531368013
esty,29,lie,truth,False,-2.8364978509302055
esty,30,lie,truth,False,-1.648719290878259
esty,31,lie,truth,False,-1.4622969614983794
esty,32,lie,truth,False,-4.051948641859406
esty,33,truth,lie,False,0.4009769105377857
esty,34,truth,truth,True,-0.8349894470133873
esty,35,truth,truth,True,-1.4569077643355355
esty,36,truth,truth,True,-1.0108073758316283
esty,37,truth,truth,True,-1.1154787501693404
esty,38,truth,truth,True,-0.5788566531784615
esty,39,truth,lie,False,0.22958054418475682
esty,40,truth,lie,False,2.2347818303677283
esty,41,truth,lie,False,3.0746224905053907
esty,42,truth,lie,False,1.6956830206079068
esty,43,truth,lie,False,3.111218151458277
esty,44,lie,lie,True,2.3728170166860396
esty,45,lie,lie,True,2.289508381150493
esty,46,lie,lie,True,1.696461599169326
esty,47,lie,lie,True,0.4856692287007226
esty,48,lie,lie,True,0.6866164524874089
esty,49,lie,lie,True,1.1474598933571971
esty,50,lie,lie,True,1.3195345853462368
esty,51,lie,lie,True,2.129163677927939
esty,52,lie,lie,True,1.9608539021725644
esty,53,lie,lie,True,0.8839382001340165
esty,54,lie,lie,True,0.22977113844879538
esty,55,truth,lie,False,5.702568286812838
esty,56,truth,lie,False,9.1349416081669
esty,57,truth,lie,False,13.39189920969938
esty,58,truth,lie,False,27.010245733382853
esty,59,truth,lie,False,7.766167494581616
esty,60,truth,lie,False,9.174009799592982
esty,61,truth,lie,False,9.729379621345695
esty,62,truth,lie,False,8.733784134725415
esty,63,truth,lie,False,7.987871665780469
esty,64,truth,lie,False,11.804266053802861
esty,65,truth,lie,False,3.9836335892483605
esty,66,lie,lie,True,4.246423985038457
esty,67,lie,lie,True,4.318321442400663
esty,68,lie,lie,True,3.001509960655869
esty,69,lie,lie,True,1.9295896864422302
esty,70,lie,lie,True,5.710058117787197
esty,71,lie,lie,True,6.563751928534421
esty,72,lie,lie,True,9.201040359202109
esty,73,lie,lie,True,24.546087102982202
esty,74,lie,truth,False,-7.150713694523846
esty,75,lie,lie,True,17.656383043470388
esty,76,lie,truth,False,-11.741458813562378
esty,77,truth,lie,False,0.6657526964945789
esty,78,truth,lie,False,0.10438090952531087
esty,79,truth,truth,True,-0.37632825525417457
esty,80,truth,truth,True,-0.2962574310672713
esty,81,truth,truth,True,-1.7108983123264636
esty,82,truth,truth,True,-1.7145269440241173
esty,83,truth,truth,True,-1.016018612411429
esty,84,truth,truth,True,-1.5499636058449697
esty,85,truth,truth,True,-1.6443701232982457
esty,86,truth,truth,True,-1.1219119449985477
esty,87,truth,truth,True,-1.4870482192938828
hilmi,0,lie,lie,True,1.5370974567516305
hilmi,1,lie,lie,True,1.8248488112314343
hilmi,2,lie,lie,True,1.7430026370918579
hilmi,3,lie,lie,True,2.8840340001054594
hilmi,4,lie,lie,True,2.559491940706823
hilmi,5,lie,lie,True,2.7221231202028777
hilmi,6,lie,lie,True,2.866034073924534
hilmi,7,lie,lie,True,2.409129750305222
hilmi,8,lie,lie,True,1.7723439343688945
hilmi,9,lie,lie,True,1.753073980365643
hilmi,10,lie,lie,True,1.5881425841252277
hilmi,11,truth,truth,True,-0.668288086119375
hilmi,12,truth,truth,True,-0.5488162651207843
hilmi,13,truth,truth,True,-0.4739355388152764
hilmi,14,truth,truth,True,-1.178274931996933
hilmi,15,truth,truth,True,-0.7462550825207012
hilmi,16,truth,truth,True,-0.7933563911154885
hilmi,17,truth,truth,True,-1.242574493846441
hilmi,18,truth,truth,True,-1.3280215633638974
hilmi,19,truth,truth,True,-1.5023826331606491
hilmi,20,truth,truth,True,-1.3818748714098235
hilmi,21,truth,truth,True,-1.6267175586550797
hilmi,22,lie,lie,True,0.02605199417946072
hilmi,23,lie,truth,False,-0.23773742630322844
hilmi,24,lie,truth,False,-0.08075749234980653
hilmi,25,lie,lie,True,0.03519526458452074
hilmi,26,lie,lie,True,0.2170558271197173
hilmi,27,lie,lie,True,0.2634844012530858
hilmi,28,lie,lie,True,0.3677455032267426
hilmi,29,lie,lie,True,0.305798911721903
hilmi,30,lie,truth,False,-0.049959501039096826
hilmi,31,lie,truth,False,-0.1962950303227365
hilmi,32,lie,truth,False,-0.3028554468565249
hilmi,33,truth,truth,True,-0.09611207036332123
hilmi,34,truth,truth,True,-0.3680537611636884
hilmi,35,truth,truth,True,-0.38747903724303934
hilmi,36,truth,truth,True,-0.5335493352239494
hilmi,37,truth,truth,True,-0.7573838387099695
hilmi,38,truth,truth,True,-0.5415240489535368
hilmi,39,truth,truth,True,-0.42977396319179484
hilmi,40,truth,truth,True,-0.7418990315874395
hilmi,41,truth,truth,True,-0.9253006809997039
hilmi,42,truth,truth,True,-1.90047780796209
hilmi,43,truth,truth,True,-1.9770653445196849
hilmi,44,lie,truth,False,-0.09540673320274848
hilmi,45,lie,lie,True,0.0700521252909855
hilmi,46,lie,lie,True,0.1326510765187038
hilmi,47,lie,lie,True,0.9947138571790336
hilmi,48,lie,lie,True,0.2168585626860761
hilmi,49,lie,lie,True,0.38533707018080643
hilmi,50,lie,lie,True,0.6264863101606227
hilmi,51,lie,lie,True,1.9207628572356388
hilmi,52,lie,lie,True,0.6218855175829213
hilmi,53,lie,truth,False,-0.5791725942405156
hilmi,54,lie,truth,False,-0.7611958464929324
hilmi,55,truth,lie,False,1.4054111542299514
hilmi,56,truth,lie,False,1.5501812067519773
hilmi,57,truth,lie,False,1.9094821801180515
hilmi,58,truth,lie,False,1.7534055891908942
hilmi,59,truth,lie,False,2.3568728236839425
hilmi,60,truth,lie,False,1.3777160435591016
hilmi,61,truth,lie,False,0.4372124701514938
hilmi,62,truth,lie,False,0.32594185523739794
hilmi,63,truth,lie,False,0.2791750948063859
hilmi,64,truth,lie,False,2.0516674343608825
hilmi,65,truth,lie,False,1.5757022360082646
hilmi,66,lie,lie,True,0.7408311302792335
hilmi,67,lie,lie,True,0.5709176052801602
hilmi,68,lie,lie,True,0.7278908430875298
hilmi,69,lie,lie,True,0.7724754537130688
hilmi,70,lie,lie,True,1.288123024078133
hilmi,71,lie,lie,True,1.5769183320664413
hilmi,72,lie,lie,True,1.955484373774885
hilmi,73,lie,lie,True,1.282199181764201
hilmi,74,lie,lie,True,0.32015549442099134
hilmi,75,lie,lie,True,0.4804086532654427
hilmi,76,lie,lie,True,1.4920373322795286
hilmi,77,truth,lie,False,0.7825836401872898
hilmi,78,truth,lie,False,1.3238306405031972
hilmi,79,truth,lie,False,1.22660209363631
hilmi,80,truth,lie,False,0.5875331048594904
hilmi,81,truth,lie,False,0.4104995462743274
hilmi,82,truth,lie,False,0.12182329527137661
hilmi,83,truth,truth,True,-0.17836886992810305
hilmi,84,truth,truth,True,-0.34733788922916153
hilmi,85,truth,lie,False,0.7256260429275544
hilmi,86,truth,truth,True,-0.06138787565399592
hilmi,87,truth,truth,True,-0.7296297313548913
irsyad,0,lie,truth,False,-0.5116020929343386
irsyad,1,lie,truth,False,-0.14974661953541507
irsyad,2,lie,lie,True,0.07250059366621657
irsyad,3,lie,lie,True,0.5773141985601442
irsyad,4,lie,lie,True,1.022376225022239
irsyad,5,lie,lie,True,1.6679006630372923
irsyad,6,lie,lie,True,1.1396738851900972
irsyad,7,lie,lie,True,0.7082804238876728
irsyad,8,lie,lie,True,1.0014002730359493
irsyad,9,lie,lie,True,1.2856266693928573
irsyad,10,lie,lie,True,1.9431254890345855
irsyad,11,truth,truth,True,-0.9181913856622272
irsyad,12,truth,truth,True,-0.18379053506866755
irsyad,13,truth,truth,True,-0.9015430650040435
irsyad,14,truth,truth,True,-1.2276185287585426
irsyad,15,truth,truth,True,-1.066253326610802
irsyad,16,truth,truth,True,-0.5677582409059667
irsyad,17,truth,truth,True,-1.6938389479093
irsyad,18,truth,truth,True,-1.1886283155032555
irsyad,19,truth,truth,True,-1.3360469088042264
irsyad,20,truth,truth,True,-1.615882837693232
irsyad,21,truth,truth,True,-1.7033873156434987
irsyad,22,lie,truth,False,-0.1655155118756529
irsyad,23,lie,lie,True,1.4310065855577359
irsyad,24,lie,lie,True,0.7665938913075426
irsyad,25,lie,lie,True,0.865026059136305
irsyad,26,lie,truth,False,-0.49258974582313664
irsyad,27,lie,lie,True,2.052891426900816
irsyad,28,lie,lie,True,1.5121129997132112
irsyad,29,lie,lie,True,0.09874439986529455
irsyad,30,lie,truth,False,-0.2629916506960217
irsyad,31,lie,lie,True,0.10144789347450653
irsyad,32,lie,lie,True,0.007458585503087187
irsyad,33,truth,truth,True,-2.5956173510531357
irsyad,34,truth,truth,True,-3.199966263168995
irsyad,35,truth,truth,True,-2.856981046894691
irsyad,36,truth,truth,True,-0.5585166875760156
irsyad,37,truth,truth,True,-3.1615560548330293
irsyad,38,truth,truth,True,-3.638905468477293
irsyad,39,truth,truth,True,-1.289151752623252
irsyad,40,truth,truth,True,-0.25807936759808536
irsyad,41,truth,truth,True,-1.0130445871673988
irsyad,42,truth,truth,True,-0.8222314479725562
irsyad,43,truth,truth,True,-0.22641417813911996
irsyad,44,lie,lie,True,2.232438329614465
irsyad,45,lie,lie,True,3.0296423611612973
irsyad,46,lie,lie,True,5.698008602748165
irsyad,47,lie,lie,True,6.8948362164216235
irsyad,48,lie,lie,True,8.053587521353709
irsyad,49,lie,lie,True,7.925961529454526
irsyad,50,lie,lie,True,14.460834019883361
irsyad,51,lie,lie,True,14.443880002720311
irsyad,52,lie,lie,True,11.880980627717456
irsyad,53,lie,lie,True,9.220970296184264
irsyad,54,lie,lie,True,10.683823199694407
irsyad,55,truth,truth,True,-2.0550704815219007
irsyad,56,truth,truth,True,-1.9745369372058261
irsyad,57,truth,truth,True,-1.272326624187545
irsyad,58,truth,truth,True,-1.2308808342184179
irsyad,59,truth,truth,True,-0.9793432358086396
irsyad,60,truth,truth,True,-0.8099425397137765
irsyad,61,truth,truth,True,-1.2820022976744039
irsyad,62,truth,lie,False,2.1583987509782396
irsyad,63,truth,truth,True,-0.0932862613262768
irsyad,64,truth,lie,False,0.18296914555500554
irsyad,65,truth,truth,True,-0.16164873105792665
irsyad,66,lie,truth,False,-0.849261097642676
irsyad,67,lie,truth,False,-0.3713227718323162
irsyad,68,lie,truth,False,-0.27196658592304157
irsyad,69,lie,truth,False,-0.37539297824096196
irsyad,70,lie,truth,False,-0.6698409727004471
irsyad,71,lie,truth,False,-0.7448513305239336
irsyad,72,lie,truth,False,-1.313393235294117
irsyad,73,lie,truth,False,-1.2092366926306393
irsyad,74,lie,truth,False,-0.3648699362392609
irsyad,75,lie,truth,False,-0.5571739171411674
irsyad,76,lie,truth,False,-0.3012918051252278
irsyad,77,truth,lie,False,0.7624378903804314
irsyad,78,truth,truth,True,-0.49638042017569695
irsyad,79,truth,truth,True,-0.816458786152794
irsyad,80,truth,truth,True,-1.2186312787423736
irsyad,81,truth,truth,True,-1.5628741072097783
irsyad,82,truth,truth,True,-2.7517505027459874
irsyad,83,truth,truth,True,-2.8786593347985057
irsyad,84,truth,truth,True,-2.0635332630858234
irsyad,85,truth,truth,True,-1.6664290888670243
irsyad,86,truth,truth,True,-1.7018115080191547
irsyad,87,truth,truth,True,-1.961090718804878
jovita,0,lie,truth,False,-2.384104513199435
jovita,1,lie,truth,False,-1.0727883058038026
jovita,2,lie,truth,False,-0.5929627120452756
jovita,3,lie,truth,False,-2.828095541803943
jovita,4,lie,truth,False,-2.6540991054056295
jovita,5,lie,truth,False,-3.156373512962589
jovita,6,lie,truth,False,-1.300492299040943
jovita,7,lie,truth,False,-2.3950804733186346
jovita,8,lie,truth,False,-0.3550554651495487
jovita,9,lie,truth,False,-0.5542088733841048
jovita,10,lie,truth,False,-2.0881411991228105
jovita,11,truth,lie,False,0.939387944745186
jovita,12,truth,lie,False,0.9310022330254599
jovita,13,truth,truth,True,-1.7823439537370414
jovita,14,truth,truth,True,-1.5304247301514164
jovita,15,truth,truth,True,-2.0463552898503994
jovita,16,truth,truth,True,-1.5333457045958405
jovita,17,truth,truth,True,-1.6909135792844576
jovita,18,truth,truth,True,-1.0569292562268835
jovita,19,truth,truth,True,-0.8992006577595897
jovita,20,truth,truth,True,-1.0049628675312476
jovita,21,truth,truth,True,-1.7294752858423414
jovita,22,lie,truth,False,-1.369215627488279
jovita,23,lie,lie,True,0.4104442475545891
jovita,24,lie,lie,True,1.2638068965377354
jovita,25,lie,lie,True,2.164913529679567
jovita,26,lie,lie,True,1.811159245512702
jovita,27,lie,lie,True,2.4450935101545714
jovita,28,lie,lie,True,1.1776821939738644
jovita,29,lie,lie,True,1.0639185362074228
jovita,30,lie,lie,True,0.48057931907927437
jovita,31,lie,lie,True,1.1595123599692343
jovita,32,lie,lie,True,1.3655934697586851
jovita,33,truth,truth,True,-2.696643602067386
jovita,34,truth,truth,True,-1.8864667888888695
jovita,35,truth,truth,True,-1.6135968922914155
jovita,36,truth,truth,True,-2.132707248246725
jovita,37,truth,truth,True,-2.051786632454346
jovita,38,truth,truth,True,-2.0711471921584774
jovita,39,truth,truth,True,-2.215059557160362
jovita,40,truth,truth,True,-2.3262335590178855
jovita,41,truth,truth,True,-3.0196036298241338
jovita,42,truth,truth,True,-2.5259578955274664
jovita,43,truth,truth,True,-0.8062684885332794
jovita,44,lie,lie,True,29.21014877918151
jovita,45,lie,lie,True,21.74464845550722
jovita,46,lie,truth,False,-15.52596101880891
jovita,47,lie,truth,False,-15.52596101880891
jovita,48,lie,truth,False,-15.52596101880891
jovita,49,lie,lie,True,9.859810111733843
jovita,50,lie,lie,True,13.499960405932745
jovita,51,lie,lie,True,12.459309627357113
jovita,52,lie,lie,True,12.459309627357113
jovita,53,lie,lie,True,12.459309627357113
jovita,54,lie,lie,True,32.185813204991604
jovita,55,truth,truth,True,-7.389971283362049
jovita,56,truth,truth,True,-14.936174100179016
jovita,57,truth,truth,True,-18.74801771592191
jovita,58,truth,truth,True,-19.65863546792238
jovita,59,truth,truth,True,-7.98343001587751
jovita,60,truth,truth,True,-8.280873705763318
jovita,61,truth,truth,True,-7.96356967105211
jovita,62,truth,truth,True,-8.45818516513072
jovita,63,truth,truth,True,-2.467922641085921
jovita,64,truth,truth,True,-3.2702742229372586
jovita,65,truth,truth,True,-10.541001851780337
jovita,66,lie,truth,False,-0.31335896197944774
jovita,67,lie,truth,False,-1.9358725589434103
jovita,68,lie,truth,False,-2.176623004847178
jovita,69,lie,truth,False,-2.015477237424585
jovita,70,lie,truth,False,-2.0691048411858026
jovita,71,lie,truth,False,-2.5093392062269744
jovita,72,lie,truth,False,-2.0143021755815966
jovita,73,lie,truth,False,-1.7160627427840016
jovita,74,lie,truth,False,-2.215501970494286
jovita,75,lie,truth,False,-1.9080378518650505
jovita,76,lie,truth,False,-3.543934785446363
jovita,77,truth,lie,False,2.6148279982996225
jovita,78,truth,lie,False,2.303670051919873
jovita,79,truth,lie,False,1.1529683463998521
jovita,80,truth,lie,False,0.4924402354741923
jovita,81,truth,lie,False,0.30254653857957664
jovita,82,truth,lie,False,0.37397874739391507
jovita,83,truth,lie,False,0.20806704780980187
jovita,84,truth,truth,True,-0.9643918975424968
jovita,85,truth,truth,True,-1.8728772781648486
jovita,86,truth,truth,True,-0.8707371464126095
jovita,87,truth,truth,True,-2.4576528878480133
nathan,0,lie,truth,False,-1.3280322288441166
nathan,1,lie,truth,False,-1.4487881080846081
nathan,2,lie,truth,False,-0.9593517673796763
nathan,3,lie,truth,False,-0.4541812601241426
nathan,4,lie,truth,False,-0.38904563437404205
nathan,5,lie,truth,False,-0.08929826338530256
nathan,6,lie,lie,True,0.1418321149653079
nathan,7,lie,lie,True,0.10483244447067586
nathan,8,lie,lie,True,0.788293491921942
nathan,9,lie,lie,True,0.548509931353107
nathan,10,lie,truth,False,-0.2118810750331943
nathan,11,truth,truth,True,-1.3549575172075767
nathan,12,truth,truth,True,-0.6101694711072223
nathan,13,truth,truth,True,-0.34276677607274497
nathan,14,truth,truth,True,-0.14691558102383323
nathan,15,truth,truth,True,-0.38252742876927115
nathan,16,truth,truth,True,-0.27309979615008784
nathan,17,truth,lie,False,0.34786266715070774
nathan,18,truth,truth,True,-0.9232839466413206
nathan,19,truth,truth,True,-0.9689824406601908
nathan,20,truth,truth,True,-0.32238523993631485
nathan,21,truth,lie,False,0.042229869718173
nathan,22,lie,lie,True,4.161122001268678
nathan,23,lie,lie,True,7.085986438316481
nathan,24,lie,lie,True,6.272015118264092
nathan,25,lie,lie,True,1.8100421018193031
nathan,26,lie,truth,False,-0.35172984981541533
nathan,27,lie,lie,True,1.2899737249361438
nathan,28,lie,lie,True,2.5405529441582715
nathan,29,lie,lie,True,10.222717762489234
nathan,30,lie,lie,True,3.2463757632544894
nathan,31,lie,lie,True,1.4432932751687872
nathan,32,lie,lie,True,0.29724292840272937
nathan,33,truth,truth,True,-0.4513034387900916
nathan,34,truth,truth,True,-0.6613512294710158
nathan,35,truth,truth,True,-0.29883437227671017
nathan,36,truth,truth,True,-0.2844803949314658
nathan,37,truth,truth,True,-0.138017995905116
nathan,38,truth,lie,False,0.3648962713163386
nathan,39,truth,lie,False,0.33594084995431817
nathan,40,truth,truth,True,-0.2615626518389744
nathan,41,truth,lie,False,0.4599977699121829
nathan,42,truth,lie,False,0.3339255288684828
nathan,43,truth,truth,True,-0.3624822763233433
nathan,44,lie,lie,True,7.304256799282981
nathan,45,lie,lie,True,1.896708046021966
nathan,46,lie,lie,True,8.364381831203083
nathan,47,lie,lie,True,3.0476129495375073
nathan,48,lie,lie,True,3.8795662823338937
nathan,49,lie,lie,True,2.9970106898793687
nathan,50,lie,lie,True,3.0521146744987817
nathan,51,lie,lie,True,3.9001939863963324
nathan,52,lie,lie,True,4.36751040466201
nathan,53,lie,lie,True,3.786391190738149
nathan,54,lie,lie,True,2.757855852999049
nathan,55,truth,truth,True,-1.7772151248914951
nathan,56,truth,truth,True,-1.6654881261208496
nathan,57,truth,truth,True,-1.4909712457953772
nathan,58,truth,truth,True,-1.2144196292149199
nathan,59,truth,truth,True,-1.0996382157072826
nathan,60,truth,truth,True,-1.393544756130435
nathan,61,truth,truth,True,-0.6864617983803392
nathan,62,truth,truth,True,-1.3534430951853382
nathan,63,truth,truth,True,-1.375686603735848
nathan,64,truth,truth,True,-1.2938815846725944
nathan,65,truth,truth,True,-0.5788649066881574
nathan,66,lie,truth,False,-0.12305341379650242
nathan,67,lie,truth,False,-0.28534994041308903
nathan,68,lie,lie,True,1.5063252580756235
nathan,69,lie,lie,True,1.014500564160506
nathan,70,lie,lie,True,0.20606809510217378
nathan,71,lie,lie,True,3.0086726050305796
nathan,72,lie,lie,True,1.6440916331502848
nathan,73,lie,lie,True,0.9587768783052388
nathan,74,lie,lie,True,0.6823656322254491
nathan,75,lie,lie,True,1.2714599257933474
nathan,76,lie,lie,True,0.907442267227254
nathan,77,truth,lie,False,0.1754012430556256
nathan,78,truth,truth,True,-1.1414691650792201
nathan,79,truth,truth,True,-0.7423948499973828
nathan,80,truth,truth,True,-0.804732715083476
nathan,81,truth,truth,True,-0.7966713838817632
nathan,82,truth,lie,False,0.05870740165830956
nathan,83,truth,lie,False,0.6138620052183279
nathan,84,truth,lie,False,0.05734992039098388
nathan,85,truth,lie,False,0.5242714224785275
nathan,86,truth,truth,True,-0.20466134769401884
nathan,87,truth,truth,True,-0.5455938664106205
prayogi,0,lie,lie,True,1.0988389241161598
prayogi,1,lie,lie,True,1.488977151306985
prayogi,2,lie,lie,True,1.052431074193842
prayogi,3,lie,lie,True,0.9279044298301988
prayogi,4,lie,lie,True,0.1842894248768982
prayogi,5,lie,truth,False,-0.034650196375429376
prayogi,6,lie,lie,True,0.28053630207488117
prayogi,7,lie,lie,True,0.3725236506481466
prayogi,8,lie,lie,True,0.43217408230195126
prayogi,9,lie,lie,True,0.629457400528032
prayogi,10,lie,lie,True,0.6745199972468332
prayogi,11,truth,truth,True,-0.012872275282622303
prayogi,12,truth,lie,False,1.583911289893434
prayogi,13,truth,lie,False,1.783561923988314
prayogi,14,truth,lie,False,1.0295697607511622
prayogi,15,truth,truth,True,-0.7692290054525133
prayogi,16,truth,truth,True,-0.8492767825095626
prayogi,17,truth,truth,True,-0.7316640661996199
prayogi,18,truth,lie,False,0.038314392562711796
prayogi,19,truth,lie,False,0.5405874423040178
prayogi,20,truth,lie,False,1.4234367483779116
prayogi,21,truth,lie,False,1.4898917527118463
prayogi,22,lie,lie,True,0.9119737022650543
prayogi,23,lie,lie,True,1.0492909481725952
prayogi,24,lie,lie,True,0.5623043116592279
prayogi,25,lie,lie,True,0.32155336310421573
prayogi,26,lie,lie,True,0.255219261843802
prayogi,27,lie,lie,True,0.33322433034697413
prayogi,28,lie,lie,True,0.7947633717138936
prayogi,29,lie,lie,True,1.0704858832510795
prayogi,30,lie,lie,True,1.2249749085475616
prayogi,31,lie,lie,True,0.9030188105929802
prayogi,32,lie,lie,True,0.7071300589367469
prayogi,33,truth,lie,False,1.579496351269634
prayogi,34,truth,lie,False,1.2803701850472404
prayogi,35,truth,lie,False,1.162601523118949
prayogi,36,truth,lie,False,1.5144992999608144
prayogi,37,truth,lie,False,1.6710522383256263
prayogi,38,truth,lie,False,1.6854757800261666
prayogi,39,truth,lie,False,1.0799094951725696
prayogi,40,truth,lie,False,0.494254135689224
prayogi,41,truth,truth,True,-0.04029754366187227
prayogi,42,truth,lie,False,0.20476226768716582
prayogi,43,truth,lie,False,0.2717298231155633
prayogi,44,lie,lie,True,0.045647416416177145
prayogi,45,lie,truth,False,-0.1551795480604633
prayogi,46,lie,truth,False,-0.020999618429042632
prayogi,47,lie,lie,True,0.42320528907840244
prayogi,48,lie,lie,True,0.10991656707537206
prayogi,49,lie,lie,True,0.14365644368747849
prayogi,50,lie,truth,False,-0.06900163196072906
prayogi,51,lie,lie,True,1.2135253183564518
prayogi,52,lie,lie,True,1.3430319613250847
prayogi,53,lie,lie,True,1.7163945223681711
prayogi,54,lie,lie,True,1.8895282768135067
prayogi,55,truth,lie,False,0.2951294207684118
prayogi,56,truth,truth,True,-0.023671058715299897
prayogi,57,truth,truth,True,-0.347766290515182
prayogi,58,truth,truth,True,-0.3464649755319847
prayogi,59,truth,truth,True,-0.15678021324161523
prayogi,60,truth,truth,True,-0.1280185383550531
prayogi,61,truth,truth,True,-0.20158596692764635
prayogi,62,truth,truth,True,-0.3554571296940979
prayogi,63,truth,truth,True,-0.4114771796142987
prayogi,64,truth,truth,True,-0.5526156204748496
prayogi,65,truth,truth,True,-0.49929760198690604
prayogi,66,lie,lie,True,3.7957311752047382
prayogi,67,lie,lie,True,0.7735051509041735
prayogi,68,lie,lie,True,0.6577432180956642
prayogi,69,lie,lie,True,0.8135087583780416
prayogi,70,lie,lie,True,0.3488034461617779
prayogi,71,lie,truth,False,-0.5296205048393334
prayogi,72,lie,lie,True,0.40801266448486845
prayogi,73,lie,lie,True,0.8667531142037066
prayogi,74,lie,lie,True,0.5113135768142021
prayogi,75,lie,lie,True,0.9247861744706212
prayogi,76,lie,lie,True,0.9255114853819255
prayogi,77,truth,truth,True,-1.85982410157338
prayogi,78,truth,truth,True,-0.45886899077034343
prayogi,79,truth,truth,True,-0.898214954166586
prayogi,80,truth,truth,True,-0.042437255652586325
prayogi,81,truth,truth,True,-0.5514709760502323
prayogi,82,truth,truth,True,-0.8175999968995531
prayogi,83,truth,truth,True,-1.1733361564484697
prayogi,84,truth,truth,True,-0.7259056652463194
prayogi,85,truth,truth,True,-0.6101600533604765
prayogi,86,truth,truth,True,-0.824108530368294
prayogi,87,truth,truth,True,-0.3347777300082773
rizqi,0,lie,lie,True,0.5297294990485012
rizqi,1,lie,truth,False,-0.20010348334633943
rizqi,2,lie,truth,False,-0.4536255721884811
rizqi,3,lie,truth,False,-0.531308135213061
rizqi,4,lie,truth,False,-0.7561334701041772
rizqi,5,lie,truth,False,-0.6515372715584419
rizqi,6,lie,truth,False,-0.5763145577057852
rizqi,7,lie,truth,False,-0.6108206024113324
rizqi,8,lie,truth,False,-0.09621815097684083
rizqi,9,lie,truth,False,-0.19931136487611723
rizqi,10,lie,lie,True,0.00335819788401525
rizqi,11,truth,truth,True,-0.20437898245745878
rizqi,12,truth,truth,True,-0.3417802877733457
rizqi,13,truth,truth,True,-0.6307156993160868
rizqi,14,truth,truth,True,-0.7579022735209732
rizqi,15,truth,truth,True,-0.7825328642362702
rizqi,16,truth,truth,True,-0.8542581509967694
rizqi,17,truth,truth,True,-1.4652381261942156
rizqi,18,truth,truth,True,-1.2840548766335356
rizqi,19,truth,truth,True,-1.139262648152799
rizqi,20,truth,truth,True,-1.0644587962359862
rizqi,21,truth,truth,True,-1.045368691199197
rizqi,22,lie,lie,True,0.29985988725158774
rizqi,23,lie,lie,True,0.6871067546513937
rizqi,24,lie,lie,True,0.892855770917257
rizqi,25,lie,lie,True,0.7439539972270487
rizqi,26,lie,lie,True,0.716761843245388
rizqi,27,lie,truth,False,-1.3037698699261646
rizqi,28,lie,truth,False,-0.361586777418312
rizqi,29,lie,truth,False,-1.2565518960669853
rizqi,30,lie,truth,False,-0.6986005024937884
rizqi,31,lie,truth,False,-0.9093870431332715
rizqi,32,lie,truth,False,-1.0418853080166148
rizqi,33,truth,truth,True,-0.007719039194427631
rizqi,34,truth,truth,True,-0.736195742016165
rizqi,35,truth,truth,True,-0.3169151098484876
rizqi,36,truth,truth,True,-0.5477308261498545
rizqi,37,truth,truth,True,-0.3265744044138478
rizqi,38,truth,truth,True,-0.4813004645248765
rizqi,39,truth,truth,True,-0.8054949984563474
rizqi,40,truth,truth,True,-1.4552079465570527
rizqi,41,truth,truth,True,-0.47199749595542706
rizqi,42,truth,truth,True,-1.0163523696955898
rizqi,43,truth,truth,True,-1.4741187726706542
rizqi,44,lie,lie,True,1.356972621057861
rizqi,45,lie,lie,True,2.4849281485493413
rizqi,46,lie,lie,True,3.2378316541633967
rizqi,47,lie,lie,True,3.370089625773345
rizqi,48,lie,lie,True,3.7996214997979623
rizqi,49,lie,lie,True,3.5401771766831316
rizqi,50,lie,lie,True,3.340768778703304
rizqi,51,lie,lie,True,3.182350820215859
rizqi,52,lie,lie,True,3.815653199399919
rizqi,53,lie,lie,True,5.408375677430347
rizqi,54,lie,lie,True,6.596456341940563
rizqi,55,truth,lie,False,0.06244535875314693
rizqi,56,truth,truth,True,-0.07447015363802933
rizqi,57,truth,truth,True,-0.17285050678035174
rizqi,58,truth,truth,True,-0.31873379966771276
rizqi,59,truth,truth,True,-0.2990548376998349
rizqi,60,truth,truth,True,-0.3761510176960813
rizqi,61,truth,truth,True,-0.6857608182859635
rizqi,62,truth,truth,True,-0.8926577145338218
rizqi,63,truth,truth,True,-1.0298027838897204
rizqi,64,truth,truth,True,-1.0917447268050335
rizqi,65,truth,truth,True,-0.9964844024892944
rizqi,66,lie,lie,True,1.959343453927364
rizqi,67,lie,lie,True,1.7837594362673006
rizqi,68,lie,lie,True,2.4843144822617726
rizqi,69,lie,lie,True,0.8653166601200005
rizqi,70,lie,lie,True,1.3463485980902368
rizqi,71,lie,lie,True,0.9510368738117038
rizqi,72,lie,lie,True,1.415360221193519
rizqi,73,lie,lie,True,1.5191834789899477
rizqi,74,lie,lie,True,1.3530170900340426
rizqi,75,lie,lie,True,1.8208367013838354
rizqi,76,lie,lie,True,0.7203528668717345
rizqi,77,truth,lie,False,0.7940462958867965
rizqi,78,truth,truth,True,-0.8185220414451183
rizqi,79,truth,truth,True,-0.8664944040061308
rizqi,80,truth,truth,True,-0.11831659547393925
rizqi,81,truth,truth,True,-0.20764182481014049
rizqi,82,truth,truth,True,-1.4070505933372985
rizqi,83,truth,truth,True,-1.4102644589540498
rizqi,84,truth,truth,True,-0.18990073701344967
rizqi,85,truth,truth,True,-1.0636499565094213
rizqi,86,truth,truth,True,-1.8727491125221296
rizqi,87,truth,truth,True,-0.9788741953861152
