subject,session,sample_idx,true_label,predicted_label,correct,decision_score
bayu,emosi,0,lie,lie,True,0.31905573820328603
bayu,emosi,1,lie,lie,True,0.4709349565001386
bayu,emosi,2,lie,truth,False,-0.3292894158870626
bayu,emosi,3,lie,truth,False,-0.34966395940951606
bayu,emosi,4,lie,truth,False,-0.8923994464383015
bayu,emosi,5,lie,lie,True,0.058287987805985875
bayu,emosi,6,lie,lie,True,0.33383128981142607
bayu,emosi,7,lie,lie,True,0.07927608642447248
bayu,emosi,8,lie,lie,True,0.519048513016652
bayu,emosi,9,lie,lie,True,0.6138332376082432
bayu,emosi,10,lie,lie,True,0.01680915043481812
bayu,emosi,11,truth,truth,True,-1.1538021394322835
bayu,emosi,12,truth,truth,True,-0.8431954847635358
bayu,emosi,13,truth,truth,True,-0.6215936312313521
bayu,emosi,14,truth,truth,True,-0.23213508322170845
bayu,emosi,15,truth,truth,True,-0.30281362395001327
bayu,emosi,16,truth,truth,True,-0.5615197257996069
bayu,emosi,17,truth,truth,True,-0.81365499369193
bayu,emosi,18,truth,truth,True,-0.36445622746717055
bayu,emosi,19,truth,truth,True,-0.11522353415412923
bayu,emosi,20,truth,truth,True,-0.09193492620406918
bayu,emosi,21,truth,lie,False,0.42453080263599774
bayu,etika,0,lie,lie,True,2.8957211036021047
bayu,etika,1,lie,lie,True,2.7139940456720932
bayu,etika,2,lie,lie,True,2.367044626692752
bayu,etika,3,lie,lie,True,1.9784065496045122
bayu,etika,4,lie,lie,True,2.1054973108288917
bayu,etika,5,lie,lie,True,2.00402204960698
bayu,etika,6,lie,lie,True,1.867113118607624
bayu,etika,7,lie,lie,True,2.3662805090931736
bayu,etika,8,lie,lie,True,1.6284332041653093
bayu,etika,9,lie,lie,True,1.4117056760296283
bayu,etika,10,lie,lie,True,0.8354073304146005
bayu,etika,11,truth,truth,True,-1.5864806289850133
bayu,etika,12,truth,truth,True,-2.870731752439662
bayu,etika,13,truth,truth,True,-2.81861173126145
bayu,etika,14,truth,truth,True,-2.0543243310416766
bayu,etika,15,truth,truth,True,-0.8774303415279089
bayu,etika,16,truth,truth,True,-0.769842895707541
bayu,etika,17,truth,truth,True,-0.8098168094236063
bayu,etika,18,truth,truth,True,-2.367469792798013
bayu,etika,19,truth,truth,True,-2.9205301428857715
bayu,etika,20,truth,truth,True,-2.4048230315765804
bayu,etika,21,truth,truth,True,-2.0035580371999755
bayu,kognitif,0,lie,lie,True,3.3214072334296665
bayu,kognitif,1,lie,lie,True,6.026109537768789
bayu,kognitif,2,lie,lie,True,5.865293868362533
bayu,kognitif,3,lie,lie,True,5.1651687984559285
bayu,kognitif,4,lie,lie,True,4.4575208375457915
bayu,kognitif,5,lie,lie,True,3.1728928100753557
bayu,kognitif,6,lie,lie,True,2.3229041376326767
bayu,kognitif,7,lie,lie,True,2.4292251999808214
bayu,kognitif,8,lie,lie,True,2.558773064148524
bayu,kognitif,9,lie,lie,True,2.8689439751411876
bayu,kognitif,10,lie,lie,True,2.9922350292811815
bayu,kognitif,11,truth,lie,False,0.28225982777893766
bayu,kognitif,12,truth,truth,True,-0.646754205684293
bayu,kognitif,13,truth,truth,True,-0.9232521371625688
bayu,kognitif,14,truth,truth,True,-1.1183478119696186
bayu,kognitif,15,truth,truth,True,-1.0905074692151464
bayu,kognitif,16,truth,truth,True,-0.6348234153214789
bayu,kognitif,17,truth,truth,True,-0.7363465815128654
bayu,kognitif,18,truth,truth,True,-1.1854406365016033
bayu,kognitif,19,truth,truth,True,-1.6672668844725156
bayu,kognitif,20,truth,truth,True,-1.9228090279398897
bayu,kognitif,21,truth,truth,True,-2.207384854147356
bayu,sosial,0,lie,lie,True,0.08464722087704163
bayu,sosial,1,lie,lie,True,0.14403140749936977
bayu,sosial,2,lie,lie,True,0.6817176822432633
bayu,sosial,3,lie,lie,True,0.35363348925682664
bayu,sosial,4,lie,lie,True,0.4389232594596097
bayu,sosial,5,lie,lie,True,0.2581415782974758
bayu,sosial,6,lie,lie,True,0.1278839255100072
bayu,sosial,7,lie,lie,True,0.3165587532761475
bayu,sosial,8,lie,lie,True,0.036920882474758054
bayu,sosial,9,lie,truth,False,-0.07981638384188772
bayu,sosial,10,lie,truth,False,-0.3401632565266484
bayu,sosial,11,truth,truth,True,-0.41375374578183327
bayu,sosial,12,truth,truth,True,-0.4181029940814484
bayu,sosial,13,truth,truth,True,-0.527969298434629
bayu,sosial,14,truth,truth,True,-0.3595981047203705
bayu,sosial,15,truth,truth,True,-0.20212286740797603
bayu,sosial,16,truth,truth,True,-0.01966844112068583
bayu,sosial,17,truth,truth,True,-0.20292595224778381
bayu,sosial,18,truth,truth,True,-0.2515742099184829
bayu,sosial,19,truth,truth,True,-0.27723637817281144
bayu,sosial,20,truth,truth,True,-0.46663693388437666
bayu,sosial,21,truth,truth,True,-0.028621414010557233
desta,emosi,0,lie,truth,False,-0.9011209439994645
desta,emosi,1,lie,truth,False,-0.3267229247895984
desta,emosi,2,lie,lie,True,0.18000089444422773
desta,emosi,3,lie,lie,True,0.19222216817031468
desta,emosi,4,lie,lie,True,0.179107368841823
desta,emosi,5,lie,lie,True,0.6413765647900886
desta,emosi,6,lie,lie,True,0.4892974536936743
desta,emosi,7,lie,lie,True,0.46678083135789006
desta,emosi,8,lie,lie,True,0.6106945701560482
desta,emosi,9,lie,lie,True,0.17916539857797664
desta,emosi,10,lie,lie,True,0.002023624454545847
desta,emosi,11,truth,truth,True,-0.7982824189113226
desta,emosi,12,truth,truth,True,-0.6294370853943776
desta,emosi,13,truth,truth,True,-0.47830306051441396
desta,emosi,14,truth,truth,True,-0.6824553797330213
desta,emosi,15,truth,truth,True,-0.6370889464267749
desta,emosi,16,truth,truth,True,-0.626325303209129
desta,emosi,17,truth,truth,True,-0.6980649045903919
desta,emosi,18,truth,truth,True,-0.6670971029003461
desta,emosi,19,truth,truth,True,-0.6853241089904704
desta,emosi,20,truth,truth,True,-0.6696186524217879
desta,emosi,21,truth,truth,True,-0.5265010942325745
desta,etika,0,lie,lie,True,7.87483296845843
desta,etika,1,lie,lie,True,17.957372204286088
desta,etika,2,lie,lie,True,29.153497953969737
desta,etika,3,lie,lie,True,30.210968650312964
desta,etika,4,lie,lie,True,14.165533022663821
desta,etika,5,lie,lie,True,5.531491565406559
desta,etika,6,lie,lie,True,5.0149289960233085
desta,etika,7,lie,lie,True,3.899975857092106
desta,etika,8,lie,lie,True,8.959634922655669
desta,etika,9,lie,lie,True,13.58028770545421
desta,etika,10,lie,lie,True,61.033713113739765
desta,etika,11,truth,truth,True,-1.0693628513271602
desta,etika,12,truth,truth,True,-1.2056778706081452
desta,etika,13,truth,truth,True,-0.6209684417484855
desta,etika,14,truth,truth,True,-1.1732948579636837
desta,etika,15,truth,truth,True,-2.45622670631503
desta,etika,16,truth,truth,True,-2.5421827171196645
desta,etika,17,truth,truth,True,-2.042347051622315
desta,etika,18,truth,truth,True,-1.102474219701083
desta,etika,19,truth,truth,True,-0.9754813980693557
desta,etika,20,truth,truth,True,-0.8987172795203475
desta,etika,21,truth,truth,True,-0.3759711989997193
desta,kognitif,0,lie,truth,False,-0.7624778463685203
desta,kognitif,1,lie,truth,False,-0.8191430521507918
desta,kognitif,2,lie,truth,False,-0.8939325138095287
desta,kognitif,3,lie,truth,False,-0.9418854086967934
desta,kognitif,4,lie,truth,False,-0.9062783512414481
desta,kognitif,5,lie,truth,False,-0.8944390134651423
desta,kognitif,6,lie,truth,False,-0.8293899351279085
desta,kognitif,7,lie,truth,False,-0.7990135443726847
desta,kognitif,8,lie,lie,True,0.01731754968597432
desta,kognitif,9,lie,lie,True,0.7269284716515314
desta,kognitif,10,lie,lie,True,0.7667293796572099
desta,kognitif,11,truth,truth,True,-0.8997738565869509
desta,kognitif,12,truth,truth,True,-0.9463727797697394
desta,kognitif,13,truth,truth,True,-0.914336372462839
desta,kognitif,14,truth,truth,True,-0.9352120161367798
desta,kognitif,15,truth,truth,True,-0.7921554224711684
desta,kognitif,16,truth,truth,True,-0.7348591320540386
desta,kognitif,17,truth,truth,True,-0.7456616311310904
desta,kognitif,18,truth,truth,True,-0.861508847521652
desta,kognitif,19,truth,truth,True,-0.9661850550034752
desta,kognitif,20,truth,truth,True,-0.7687942470727831
desta,kognitif,21,truth,truth,True,-0.5730413071218828
desta,sosial,0,lie,lie,True,0.9582346906123942
desta,sosial,1,lie,lie,True,1.4601075305700426
desta,sosial,2,lie,lie,True,1.0724798220908351
desta,sosial,3,lie,lie,True,0.6118931281747648
desta,sosial,4,lie,lie,True,0.6033830319251345
desta,sosial,5,lie,lie,True,0.8094587328296765
desta,sosial,6,lie,lie,True,0.0838680012703854
desta,sosial,7,lie,lie,True,0.08922921068514111
desta,sosial,8,lie,lie,True,0.9990488681978251
desta,sosial,9,lie,lie,True,0.7865463988876731
desta,sosial,10,lie,lie,True,0.9125451662534074
desta,sosial,11,truth,truth,True,-0.3816481692127359
desta,sosial,12,truth,truth,True,-0.46798088012917316
desta,sosial,13,truth,truth,True,-1.2909450595134484
desta,sosial,14,truth,truth,True,-1.1086924038118553
desta,sosial,15,truth,truth,True,-1.5586949537496753
desta,sosial,16,truth,truth,True,-0.4489817077572785
desta,sosial,17,truth,truth,True,-0.8714939807343745
desta,sosial,18,truth,truth,True,-1.3521491447113132
desta,sosial,19,truth,truth,True,-0.6901303530807897
desta,sosial,20,truth,truth,True,-0.6919395055500579
desta,sosial,21,truth,truth,True,-1.0256812162035842
dewi,emosi,0,lie,lie,True,19.26309160643286
dewi,emosi,1,lie,lie,True,18.056500348090243
dewi,emosi,2,lie,lie,True,1.4526718571414254
dewi,emosi,3,lie,lie,True,0.707534626314797
dewi,emosi,4,lie,lie,True,2.3307340803901915
dewi,emosi,5,lie,lie,True,1.766388041934703
dewi,emosi,6,lie,lie,True,2.0592179465105285
dewi,emosi,7,lie,lie,True,0.29431045857227933
dewi,emosi,8,lie,lie,True,1.0953153127700745
dewi,emosi,9,lie,lie,True,0.5264593843972718
dewi,emosi,10,lie,lie,True,1.0720896345483997
dewi,emosi,11,truth,lie,False,6.672949206404497
dewi,emosi,12,truth,lie,False,5.584080769066832
dewi,emosi,13,truth,lie,False,0.26143847054950864
dewi,emosi,14,truth,truth,True,-2.671812872986603
dewi,emosi,15,truth,truth,True,-1.4756552328581545
dewi,emosi,16,truth,truth,True,-2.0814575855331814
dewi,emosi,17,truth,truth,True,-2.6092327634750276
dewi,emosi,18,truth,truth,True,-2.6085663374822228
dewi,emosi,19,truth,truth,True,-2.5040194854640943
dewi,emosi,20,truth,truth,True,-2.3579447584037085
dewi,emosi,21,truth,truth,True,-2.4611693672170896
dewi,etika,0,lie,truth,False,-1.1110006132277122
dewi,etika,1,lie,truth,False,-0.7154729095790799
dewi,etika,2,lie,truth,False,-0.47670204781782866
dewi,etika,3,lie,truth,False,-0.1549870340840851
dewi,etika,4,lie,truth,False,-0.09606796491641645
dewi,etika,5,lie,lie,True,0.15470492051294393
dewi,etika,6,lie,lie,True,0.0468824894679869
dewi,etika,7,lie,lie,True,0.07699540250173037
dewi,etika,8,lie,lie,True,0.34338667118024113
dewi,etika,9,lie,lie,True,0.429550881248129
dewi,etika,10,lie,lie,True,0.2705622995807911
dewi,etika,11,truth,truth,True,-0.6274501724494226
dewi,etika,12,truth,truth,True,-0.7464120272815975
dewi,etika,13,truth,truth,True,-2.2408951592187165
dewi,etika,14,truth,truth,True,-2.3443869494737735
dewi,etika,15,truth,truth,True,-2.011794662765835
dewi,etika,16,truth,truth,True,-1.5761852040344488
dewi,etika,17,truth,truth,True,-1.839832333823418
dewi,etika,18,truth,truth,True,-1.8946013542467057
dewi,etika,19,truth,truth,True,-1.8049147885308636
dewi,etika,20,truth,truth,True,-1.8597634318268563
dewi,etika,21,truth,truth,True,-1.8701368546341655
dewi,kognitif,0,lie,lie,True,3.4401360301208865
dewi,kognitif,1,lie,lie,True,3.363575297512638
dewi,kognitif,2,lie,lie,True,1.8076496474183066
dewi,kognitif,3,lie,lie,True,1.566936853008673
dewi,kognitif,4,lie,lie,True,1.6968738127623584
dewi,kognitif,5,lie,lie,True,1.896384714288943
dewi,kognitif,6,lie,lie,True,1.7130632697210761
dewi,kognitif,7,lie,lie,True,1.728108143923066
dewi,kognitif,8,lie,lie,True,1.009640634425165
dewi,kognitif,9,lie,lie,True,0.8045434903702364
dewi,kognitif,10,lie,lie,True,0.7251396858267942
dewi,kognitif,11,truth,truth,True,-0.24351054619895918
dewi,kognitif,12,truth,truth,True,-0.12890351868658512
dewi,kognitif,13,truth,truth,True,-0.3783392069161665
dewi,kognitif,14,truth,lie,False,0.3009085341734149
dewi,kognitif,15,truth,lie,False,0.29967597601607837
dewi,kognitif,16,truth,lie,False,0.4134793480893849
dewi,kognitif,17,truth,lie,False,0.2505042784095105
dewi,kognitif,18,truth,lie,False,0.6074664401374671
dewi,kognitif,19,truth,lie,False,0.5718617942261052
dewi,kognitif,20,truth,lie,False,0.32554421746890017
dewi,kognitif,21,truth,truth,True,-0.5808615194460472
dewi,sosial,0,lie,lie,True,0.03659416360014234
dewi,sosial,1,lie,truth,False,-0.11483852688669349
dewi,sosial,2,lie,lie,True,0.49760793374327295
dewi,sosial,3,lie,lie,True,0.46270169938756467
dewi,sosial,4,lie,lie,True,0.21062394462158285
dewi,sosial,5,lie,lie,True,1.2841600176905192
dewi,sosial,6,lie,lie,True,1.5144713176694014
dewi,sosial,7,lie,lie,True,0.4316919886724021
dewi,sosial,8,lie,truth,False,-0.02013154587925603
dewi,sosial,9,lie,lie,True,0.36748856758436477
dewi,sosial,10,lie,truth,False,-0.28350927460349107
dewi,sosial,11,truth,truth,True,-0.1550736459390002
dewi,sosial,12,truth,truth,True,-0.06325380308052098
dewi,sosial,13,truth,truth,True,-0.41722396262902106
dewi,sosial,14,truth,truth,True,-0.3282707961849384
dewi,sosial,15,truth,truth,True,-1.1973007125244353
dewi,sosial,16,truth,truth,True,-1.7865871788957497
dewi,sosial,17,truth,truth,True,-1.598164538685492
dewi,sosial,18,truth,truth,True,-1.0686819573273514
dewi,sosial,19,truth,truth,True,-1.0715736587026163
dewi,sosial,20,truth,truth,True,-1.0502688393393886
dewi,sosial,21,truth,truth,True,-1.0761395902292317
esty,emosi,0,lie,lie,True,0.40078383140341955
esty,emosi,1,lie,lie,True,0.08970122715789075
esty,emosi,2,lie,lie,True,0.3074132834908432
esty,emosi,3,lie,lie,True,0.3876016786204244
esty,emosi,4,lie,lie,True,0.21010926653711626
esty,emosi,5,lie,lie,True,0.3868037581318464
esty,emosi,6,lie,lie,True,0.8493137084617144
esty,emosi,7,lie,lie,True,0.5709220591771567
esty,emosi,8,lie,lie,True,0.18287382189192902
esty,emosi,9,lie,truth,False,-0.1677781125841542
esty,emosi,10,lie,truth,False,-0.1389389053063672
esty,emosi,11,truth,truth,True,-0.7603932845411223
esty,emosi,12,truth,truth,True,-0.4252429837178382
esty,emosi,13,truth,truth,True,-0.1674666791345807
esty,emosi,14,truth,truth,True,-0.8445821241923661
esty,emosi,15,truth,truth,True,-0.8702774217702189
esty,emosi,16,truth,truth,True,-0.5542635419504589
esty,emosi,17,truth,truth,True,-0.48500067099319866
esty,emosi,18,truth,truth,True,-0.6412794930036174
esty,emosi,19,truth,truth,True,-0.514004560529526
esty,emosi,20,truth,truth,True,-1.172415360911848
esty,emosi,21,truth,truth,True,-0.9149071240889337
esty,etika,0,lie,lie,True,1.8480245305310197
esty,etika,1,lie,lie,True,1.4968894106608994
esty,etika,2,lie,lie,True,1.3439996086091464
esty,etika,3,lie,lie,True,1.2699993510359358
esty,etika,4,lie,lie,True,0.8362932169002795
esty,etika,5,lie,lie,True,0.4912662929523295
esty,etika,6,lie,lie,True,1.072880695813745
esty,etika,7,lie,lie,True,1.0757511780190052
esty,etika,8,lie,lie,True,1.5161838990231695
esty,etika,9,lie,lie,True,1.7962291949458136
esty,etika,10,lie,lie,True,1.776331513623842
esty,etika,11,truth,truth,True,-2.172495434297608
esty,etika,12,truth,truth,True,-0.8797035008496783
esty,etika,13,truth,truth,True,-0.9332465025317473
esty,etika,14,truth,truth,True,-1.5538270249751873
esty,etika,15,truth,truth,True,-1.6171289343785444
esty,etika,16,truth,truth,True,-1.9391988307512298
esty,etika,17,truth,truth,True,-2.1077293841616465
esty,etika,18,truth,truth,True,-1.1615888990348813
esty,etika,19,truth,truth,True,-1.377927676928798
esty,etika,20,truth,truth,True,-1.25172132955442
esty,etika,21,truth,truth,True,-0.7352538237630801
esty,kognitif,0,lie,lie,True,4.65303026367644
esty,kognitif,1,lie,lie,True,4.825720779336793
esty,kognitif,2,lie,lie,True,4.146170652453589
esty,kognitif,3,lie,lie,True,3.5688567781167815
esty,kognitif,4,lie,lie,True,2.1463834427581485
esty,kognitif,5,lie,lie,True,2.1177653433333044
esty,kognitif,6,lie,lie,True,1.998334674455218
esty,kognitif,7,lie,lie,True,0.9241505642999946
esty,kognitif,8,lie,lie,True,0.9627931352071794
esty,kognitif,9,lie,lie,True,1.1057851700467847
esty,kognitif,10,lie,lie,True,0.3651289115648765
esty,kognitif,11,truth,lie,False,4.236593464799123
esty,kognitif,12,truth,truth,True,-5.912808716846779
esty,kognitif,13,truth,truth,True,-15.741596382104971
esty,kognitif,14,truth,truth,True,-44.39234612061941
esty,kognitif,15,truth,truth,True,-9.354038924079216
esty,kognitif,16,truth,truth,True,-9.623574051358856
esty,kognitif,17,truth,truth,True,-15.635417549705512
esty,kognitif,18,truth,truth,True,-18.311878793630072
esty,kognitif,19,truth,truth,True,-15.602654214892969
esty,kognitif,20,truth,truth,True,-21.63285878696287
esty,kognitif,21,truth,lie,False,1.1351380272683702
esty,sosial,0,lie,lie,True,0.3493194328012299
esty,sosial,1,lie,lie,True,1.8894904525520806
esty,sosial,2,lie,lie,True,3.2416947183948404
esty,sosial,3,lie,lie,True,3.6568563574222503
esty,sosial,4,lie,lie,True,3.8839861375828226
esty,sosial,5,lie,lie,True,4.119989379200404
esty,sosial,6,lie,lie,True,3.103378289426842
esty,sosial,7,lie,lie,True,0.4680104152250797
esty,sosial,8,lie,lie,True,17.38479730520534
esty,sosial,9,lie,lie,True,11.233600961651064
esty,sosial,10,lie,lie,True,24.008619161970756
esty,sosial,11,truth,truth,True,-3.7451007135891397
esty,sosial,12,truth,truth,True,-3.343642784036107
esty,sosial,13,truth,truth,True,-4.0884265170709435
esty,sosial,14,truth,truth,True,-3.763934106781975
esty,sosial,15,truth,truth,True,-3.623653744484998
esty,sosial,16,truth,truth,True,-3.831189928477884
esty,sosial,17,truth,truth,True,-4.034014284874403
esty,sosial,18,truth,truth,True,-3.684741805750421
esty,sosial,19,truth,truth,True,-3.6231047757529646
esty,sosial,20,truth,truth,True,-3.402182792654018
esty,sosial,21,truth,truth,True,-4.070742744131892
hilmi,emosi,0,lie,lie,True,2.7082120949592663
hilmi,emosi,1,lie,lie,True,5.391525796573784
hilmi,emosi,2,lie,lie,True,3.566159120453781
hilmi,emosi,3,lie,lie,True,1.9964667743074018
hilmi,emosi,4,lie,lie,True,1.0995042199360976
hilmi,emosi,5,lie,lie,True,1.092741870043297
hilmi,emosi,6,lie,lie,True,0.08227905856786771
hilmi,emosi,7,lie,truth,False,-1.3010201307932945
hilmi,emosi,8,lie,lie,True,0.7556197719061173
hilmi,emosi,9,lie,lie,True,0.2686291890323497
hilmi,emosi,10,lie,lie,True,4.630044092564031
hilmi,emosi,11,truth,truth,True,-20.764141670935448
hilmi,emosi,12,truth,truth,True,-40.083286283621334
hilmi,emosi,13,truth,truth,True,-43.37969977482999
hilmi,emosi,14,truth,truth,True,-48.022577827319225
hilmi,emosi,15,truth,truth,True,-49.98292556509375
hilmi,emosi,16,truth,truth,True,-72.5789973839972
hilmi,emosi,17,truth,truth,True,-60.431435504972086
hilmi,emosi,18,truth,truth,True,-57.33442972887039
hilmi,emosi,19,truth,truth,True,-37.89126382567426
hilmi,emosi,20,truth,lie,False,24.066223727777835
hilmi,emosi,21,truth,lie,False,4.257756560580614
hilmi,etika,0,lie,lie,True,1.5418226253677623
hilmi,etika,1,lie,lie,True,1.3879292915483346
hilmi,etika,2,lie,lie,True,1.3428356978142948
hilmi,etika,3,lie,lie,True,1.4148970454995355
hilmi,etika,4,lie,lie,True,1.245506001982974
hilmi,etika,5,lie,lie,True,1.1711004664423377
hilmi,etika,6,lie,lie,True,0.9721657799290312
hilmi,etika,7,lie,lie,True,0.9099779295620151
hilmi,etika,8,lie,truth,False,-0.2707630152406696
hilmi,etika,9,lie,truth,False,-0.4407443970113536
hilmi,etika,10,lie,truth,False,-0.31793899172604323
hilmi,etika,11,truth,truth,True,-0.03914609010222181
hilmi,etika,12,truth,lie,False,0.056178634218458146
hilmi,etika,13,truth,lie,False,0.05478652455033706
hilmi,etika,14,truth,lie,False,0.2234768123033114
hilmi,etika,15,truth,truth,True,-0.05356200049126125
hilmi,etika,16,truth,truth,True,-0.2054992183834078
hilmi,etika,17,truth,lie,False,0.011173351157536593
hilmi,etika,18,truth,truth,True,-0.07112224887126506
hilmi,etika,19,truth,truth,True,-0.0005520736177537788
hilmi,etika,20,truth,lie,False,2.8927555055364524
hilmi,etika,21,truth,lie,False,2.9997079014507264
hilmi,kognitif,0,lie,truth,False,-1.5619420640543815
hilmi,kognitif,1,lie,truth,False,-1.4849075742313453
hilmi,kognitif,2,lie,truth,False,-1.1950965647270995
hilmi,kognitif,3,lie,truth,False,-1.3918269389053417
hilmi,kognitif,4,lie,truth,False,-0.841913165553476
hilmi,kognitif,5,lie,truth,False,-0.4971221363575858
hilmi,kognitif,6,lie,lie,True,0.6703051774878492
hilmi,kognitif,7,lie,lie,True,2.0160805127978287
hilmi,kognitif,8,lie,lie,True,1.7053495356429307
hilmi,kognitif,9,lie,lie,True,0.4986042078573434
hilmi,kognitif,10,lie,lie,True,4.178063206705828
hilmi,kognitif,11,truth,truth,True,-2.6706078074507182
hilmi,kognitif,12,truth,truth,True,-2.195460160237893
hilmi,kognitif,13,truth,truth,True,-2.6513535237268018
hilmi,kognitif,14,truth,truth,True,-1.617203812897121
hilmi,kognitif,15,truth,truth,True,-1.4968344585572377
hilmi,kognitif,16,truth,truth,True,-1.3997220923878013
hilmi,kognitif,17,truth,truth,True,-1.3093958938278627
hilmi,kognitif,18,truth,truth,True,-1.2458600584790753
hilmi,kognitif,19,truth,truth,True,-1.290274213385417
hilmi,kognitif,20,truth,truth,True,-1.6851492064259572
hilmi,kognitif,21,truth,truth,True,-1.5677761277416544
hilmi,sosial,0,lie,lie,True,0.70242064615237
hilmi,sosial,1,lie,lie,True,0.5700420127429567
hilmi,sosial,2,lie,lie,True,0.28268710240159034
hilmi,sosial,3,lie,lie,True,0.013638550137846317
hilmi,sosial,4,lie,lie,True,4.172491839672816
hilmi,sosial,5,lie,lie,True,0.68655447955713
hilmi,sosial,6,lie,lie,True,2.2032571397309377
hilmi,sosial,7,lie,lie,True,5.880771655258969
hilmi,sosial,8,lie,lie,True,4.617435246344384
hilmi,sosial,9,lie,lie,True,4.770348992733841
hilmi,sosial,10,lie,lie,True,4.311514639581335
hilmi,sosial,11,truth,truth,True,-0.9584160877946994
hilmi,sosial,12,truth,truth,True,-0.9815712081510318
hilmi,sosial,13,truth,truth,True,-0.8517765249696954
hilmi,sosial,14,truth,truth,True,-0.8385234834348974
hilmi,sosial,15,truth,truth,True,-0.9707154791698251
hilmi,sosial,16,truth,truth,True,-1.0095520793856483
hilmi,sosial,17,truth,truth,True,-0.8527247645248313
hilmi,sosial,18,truth,truth,True,-0.8088902061306725
hilmi,sosial,19,truth,truth,True,-0.8376028353846753
hilmi,sosial,20,truth,truth,True,-0.8306476189287901
hilmi,sosial,21,truth,truth,True,-0.8181319122062597
irsyad,emosi,0,lie,lie,True,0.40292994818633276
irsyad,emosi,1,lie,lie,True,0.3320895781583848
irsyad,emosi,2,lie,lie,True,0.5532155264647431
irsyad,emosi,3,lie,lie,True,1.8327342645901636
irsyad,emosi,4,lie,lie,True,2.0934744158255074
irsyad,emosi,5,lie,lie,True,2.070649318179319
irsyad,emosi,6,lie,lie,True,1.6073274457044213
irsyad,emosi,7,lie,lie,True,1.4956623510420644
irsyad,emosi,8,lie,lie,True,1.35806693309762
irsyad,emosi,9,lie,lie,True,1.3132901491628124
irsyad,emosi,10,lie,lie,True,1.7526186299336088
irsyad,emosi,11,truth,truth,True,-0.8041784693046656
irsyad,emosi,12,truth,truth,True,-1.5662019669778422
irsyad,emosi,13,truth,truth,True,-0.808330120410094
irsyad,emosi,14,truth,truth,True,-0.8244125813481965
irsyad,emosi,15,truth,truth,True,-0.7643805672335626
irsyad,emosi,16,truth,truth,True,-1.026296158033772
irsyad,emosi,17,truth,truth,True,-0.8381007417955831
irsyad,emosi,18,truth,truth,True,-0.4494094486680864
irsyad,emosi,19,truth,truth,True,-0.5343838044871416
irsyad,emosi,20,truth,truth,True,-0.8291122949587061
irsyad,emosi,21,truth,truth,True,-1.066560905481703
irsyad,etika,0,lie,lie,True,1.1834278993178415
irsyad,etika,1,lie,lie,True,1.595783797800572
irsyad,etika,2,lie,lie,True,1.1723567484963922
irsyad,etika,3,lie,lie,True,1.1981322299948423
irsyad,etika,4,lie,lie,True,0.36584588512822813
irsyad,etika,5,lie,lie,True,1.0305309331191037
irsyad,etika,6,lie,lie,True,1.0794254473105094
irsyad,etika,7,lie,lie,True,0.5624876652881746
irsyad,etika,8,lie,lie,True,0.6362759316823242
irsyad,etika,9,lie,lie,True,0.9071589090262219
irsyad,etika,10,lie,lie,True,0.8812576074196942
irsyad,etika,11,truth,truth,True,-1.2209438089884788
irsyad,etika,12,truth,truth,True,-1.525973244969345
irsyad,etika,13,truth,truth,True,-1.531471383942431
irsyad,etika,14,truth,truth,True,-1.0317386844453151
irsyad,etika,15,truth,truth,True,-1.8414862854992986
irsyad,etika,16,truth,truth,True,-1.5627820327638038
irsyad,etika,17,truth,truth,True,-0.8371752780491045
irsyad,etika,18,truth,truth,True,-0.20543214157444337
irsyad,etika,19,truth,truth,True,-0.8279875351986147
irsyad,etika,20,truth,truth,True,-1.5305484227542265
irsyad,etika,21,truth,truth,True,-1.2009949180901582
irsyad,kognitif,0,lie,lie,True,0.5825711469973924
irsyad,kognitif,1,lie,lie,True,1.6929478237810969
irsyad,kognitif,2,lie,lie,True,1.3586659814534627
irsyad,kognitif,3,lie,lie,True,1.4406278282897986
irsyad,kognitif,4,lie,lie,True,1.3815613563560718
irsyad,kognitif,5,lie,lie,True,0.5167303976611309
irsyad,kognitif,6,lie,lie,True,0.8652789380587574
irsyad,kognitif,7,lie,lie,True,0.7517155498920433
irsyad,kognitif,8,lie,lie,True,0.30720050864915877
irsyad,kognitif,9,lie,lie,True,0.08295624400206125
irsyad,kognitif,10,lie,lie,True,0.41576207430060974
irsyad,kognitif,11,truth,truth,True,-0.954971989742527
irsyad,kognitif,12,truth,truth,True,-1.5221431754088455
irsyad,kognitif,13,truth,truth,True,-1.179369426729711
irsyad,kognitif,14,truth,truth,True,-1.5405844879786836
irsyad,kognitif,15,truth,truth,True,-1.5458246083646743
irsyad,kognitif,16,truth,truth,True,-1.6879704961156596
irsyad,kognitif,17,truth,truth,True,-1.787698901326526
irsyad,kognitif,18,truth,truth,True,-1.5813368151946117
irsyad,kognitif,19,truth,truth,True,-1.473970110759312
irsyad,kognitif,20,truth,truth,True,-1.4697659516490096
irsyad,kognitif,21,truth,truth,True,-1.1947790236575058
irsyad,sosial,0,lie,lie,True,0.7574642351657072
irsyad,sosial,1,lie,lie,True,0.8422418723691626
irsyad,sosial,2,lie,lie,True,0.8906637577976281
irsyad,sosial,3,lie,lie,True,0.8824373468706205
irsyad,sosial,4,lie,lie,True,0.6138405490580415
irsyad,sosial,5,lie,lie,True,0.647522584149114
irsyad,sosial,6,lie,lie,True,0.49883342083649396
irsyad,sosial,7,lie,lie,True,0.20577149786195767
irsyad,sosial,8,lie,lie,True,0.1997466071656939
irsyad,sosial,9,lie,lie,True,0.04284070009757171
irsyad,sosial,10,lie,lie,True,0.10333630544011965
irsyad,sosial,11,truth,truth,True,-0.02517079441675421
irsyad,sosial,12,truth,truth,True,-0.3997358632431435
irsyad,sosial,13,truth,truth,True,-0.5349921406790074
irsyad,sosial,14,truth,truth,True,-0.7914284891917166
irsyad,sosial,15,truth,truth,True,-0.57423800493234
irsyad,sosial,16,truth,truth,True,-0.4654862955205049
irsyad,sosial,17,truth,truth,True,-0.5652402394255895
irsyad,sosial,18,truth,truth,True,-0.3746266238429349
irsyad,sosial,19,truth,truth,True,-0.43460071388938337
irsyad,sosial,20,truth,truth,True,-0.6398528911646814
irsyad,sosial,21,truth,truth,True,-0.8606501251818092
jovita,emosi,0,lie,truth,False,-1.1016991553304383
jovita,emosi,1,lie,truth,False,-1.6689740796354826
jovita,emosi,2,lie,truth,False,-1.728224366718658
jovita,emosi,3,lie,truth,False,-1.1638011590848132
jovita,emosi,4,lie,truth,False,-0.9349494149051066
jovita,emosi,5,lie,truth,False,-0.8303511001896638
jovita,emosi,6,lie,truth,False,-1.2364505166307933
jovita,emosi,7,lie,truth,False,-1.2413678312868948
jovita,emosi,8,lie,truth,False,-1.1628931812825098
jovita,emosi,9,lie,truth,False,-1.0331459733048973
jovita,emosi,10,lie,truth,False,-0.7336113300812167
jovita,emosi,11,truth,truth,True,-0.06217722185001395
jovita,emosi,12,truth,truth,True,-0.18327458133164398
jovita,emosi,13,truth,truth,True,-0.5170692607095945
jovita,emosi,14,truth,truth,True,-0.18934316338497992
jovita,emosi,15,truth,truth,True,-0.34545150671729563
jovita,emosi,16,truth,truth,True,-0.020094637407145677
jovita,emosi,17,truth,truth,True,-0.650310434813178
jovita,emosi,18,truth,truth,True,-0.6122306022840024
jovita,emosi,19,truth,truth,True,-0.5341184654060512
jovita,emosi,20,truth,truth,True,-0.39457116261703573
jovita,emosi,21,truth,lie,False,0.019261340087730505
jovita,etika,0,lie,lie,True,1.5671370201549177
jovita,etika,1,lie,lie,True,1.8511122999294167
jovita,etika,2,lie,lie,True,1.8373995876895417
jovita,etika,3,lie,lie,True,1.514638906647477
jovita,etika,4,lie,lie,True,1.613553768591109
jovita,etika,5,lie,lie,True,2.071838136294222
jovita,etika,6,lie,lie,True,2.482343460889691
jovita,etika,7,lie,lie,True,2.7270167875966758
jovita,etika,8,lie,lie,True,2.483270388856631
jovita,etika,9,lie,lie,True,1.8587112696636348
jovita,etika,10,lie,lie,True,0.7808385751702133
jovita,etika,11,truth,truth,True,-1.4692940058549349
jovita,etika,12,truth,truth,True,-1.0489480973162075
jovita,etika,13,truth,truth,True,-1.106874614499726
jovita,etika,14,truth,truth,True,-1.6731898915288683
jovita,etika,15,truth,truth,True,-1.8277304493743582
jovita,etika,16,truth,truth,True,-1.8176420005564184
jovita,etika,17,truth,truth,True,-1.8529035365614572
jovita,etika,18,truth,truth,True,-2.1742041938335346
jovita,etika,19,truth,truth,True,-1.3071298777753897
jovita,etika,20,truth,truth,True,-0.577001041960694
jovita,etika,21,truth,truth,True,-0.29972879347938963
jovita,kognitif,0,lie,lie,True,1.7221479494333605
jovita,kognitif,1,lie,lie,True,0.575463661159173
jovita,kognitif,2,lie,lie,True,2.9682604500616243
jovita,kognitif,3,lie,lie,True,2.9682604500616243
jovita,kognitif,4,lie,lie,True,2.9682604500616243
jovita,kognitif,5,lie,lie,True,6.836647820752125
jovita,kognitif,6,lie,lie,True,7.276350429187546
jovita,kognitif,7,lie,lie,True,7.681341337239569
jovita,kognitif,8,lie,lie,True,7.681341337239569
jovita,kognitif,9,lie,lie,True,7.681341337239569
jovita,kognitif,10,lie,lie,True,16.368660088821297
jovita,kognitif,11,truth,truth,True,-5.766532429055012
jovita,kognitif,12,truth,truth,True,-3.629431400808455
jovita,kognitif,13,truth,truth,True,-2.5784170287181727
jovita,kognitif,14,truth,truth,True,-1.8744446748912893
jovita,kognitif,15,truth,truth,True,-2.125708640046601
jovita,kognitif,16,truth,truth,True,-2.2794690611354316
jovita,kognitif,17,truth,truth,True,-3.0175541358206353
jovita,kognitif,18,truth,truth,True,-2.911880752123735
jovita,kognitif,19,truth,truth,True,-9.147310499098374
jovita,kognitif,20,truth,truth,True,-10.450008254728491
jovita,kognitif,21,truth,truth,True,-5.323893503431789
jovita,sosial,0,lie,lie,True,0.8120516171555788
jovita,sosial,1,lie,lie,True,0.35772635220314564
jovita,sosial,2,lie,truth,False,-0.02840493136332689
jovita,sosial,3,lie,truth,False,-0.3568951138568758
jovita,sosial,4,lie,truth,False,-0.5768493271834468
jovita,sosial,5,lie,truth,False,-0.0031897413548939157
jovita,sosial,6,lie,lie,True,0.9268251031351139
jovita,sosial,7,lie,lie,True,1.5318025084391662
jovita,sosial,8,lie,lie,True,2.2274957485576286
jovita,sosial,9,lie,lie,True,2.3335621651053318
jovita,sosial,10,lie,lie,True,1.0447760351133182
jovita,sosial,11,truth,truth,True,-0.049583509841772844
jovita,sosial,12,truth,truth,True,-0.020572586672826243
jovita,sosial,13,truth,truth,True,-0.43632805462538526
jovita,sosial,14,truth,truth,True,-0.2338348191148253
jovita,sosial,15,truth,truth,True,-0.45677164861624064
jovita,sosial,16,truth,truth,True,-0.4183057978147212
jovita,sosial,17,truth,truth,True,-0.4200354058376067
jovita,sosial,18,truth,truth,True,-0.6150290247841389
jovita,sosial,19,truth,truth,True,-0.9713163936468878
jovita,sosial,20,truth,truth,True,-0.9887054027782437
jovita,sosial,21,truth,truth,True,-1.7984897082245066
nathan,emosi,0,lie,truth,False,-2.494804835330571
nathan,emosi,1,lie,lie,True,3.9526436588350666
nathan,emosi,2,lie,lie,True,4.144649093378687
nathan,emosi,3,lie,lie,True,4.7812761402005375
nathan,emosi,4,lie,lie,True,4.620037865613581
nathan,emosi,5,lie,lie,True,9.051730417735014
nathan,emosi,6,lie,lie,True,10.172149013269715
nathan,emosi,7,lie,lie,True,9.416232240966398
nathan,emosi,8,lie,lie,True,11.403068543891107
nathan,emosi,9,lie,lie,True,10.670022897112549
nathan,emosi,10,lie,lie,True,7.620429305118774
nathan,emosi,11,truth,truth,True,-4.372943421534367
nathan,emosi,12,truth,truth,True,-3.3168945408604316
nathan,emosi,13,truth,truth,True,-3.690679728025163
nathan,emosi,14,truth,truth,True,-2.677697943324466
nathan,emosi,15,truth,truth,True,-2.10242964986689
nathan,emosi,16,truth,truth,True,-0.8643187817991409
nathan,emosi,17,truth,truth,True,-0.8414712171659593
nathan,emosi,18,truth,truth,True,-1.944000860950604
nathan,emosi,19,truth,truth,True,-3.7631397530479775
nathan,emosi,20,truth,truth,True,-4.154013972909656
nathan,emosi,21,truth,truth,True,-3.342347040604193
nathan,etika,0,lie,lie,True,13.14343206412643
nathan,etika,1,lie,lie,True,9.719168530047225
nathan,etika,2,lie,lie,True,8.572175207224277
nathan,etika,3,lie,lie,True,8.696486574711404
nathan,etika,4,lie,lie,True,4.893614845144499
nathan,etika,5,lie,lie,True,9.122934354654106
nathan,etika,6,lie,lie,True,11.61074135214686
nathan,etika,7,lie,lie,True,22.90135542623344
nathan,etika,8,lie,lie,True,14.304377421075277
nathan,etika,9,lie,lie,True,9.537327762042526
nathan,etika,10,lie,lie,True,4.373272712435487
nathan,etika,11,truth,truth,True,-12.306351384014835
nathan,etika,12,truth,truth,True,-7.407821205940774
nathan,etika,13,truth,truth,True,-9.970007230636348
nathan,etika,14,truth,truth,True,-12.553045015174884
nathan,etika,15,truth,truth,True,-18.71778149268437
nathan,etika,16,truth,truth,True,-26.007274749028554
nathan,etika,17,truth,truth,True,-22.14693024577948
nathan,etika,18,truth,truth,True,-21.706734166130616
nathan,etika,19,truth,truth,True,-22.776842861668317
nathan,etika,20,truth,truth,True,-32.893876651086146
nathan,etika,21,truth,truth,True,-23.045599168396112
nathan,kognitif,0,lie,lie,True,12.98711281294829
nathan,kognitif,1,lie,lie,True,8.802983672736968
nathan,kognitif,2,lie,lie,True,15.104947503270637
nathan,kognitif,3,lie,lie,True,10.798817355613831
nathan,kognitif,4,lie,lie,True,10.087045433173744
nathan,kognitif,5,lie,lie,True,6.656033483392797
nathan,kognitif,6,lie,lie,True,9.477466682878337
nathan,kognitif,7,lie,lie,True,10.006754518025566
nathan,kognitif,8,lie,lie,True,9.746199868016083
nathan,kognitif,9,lie,lie,True,10.072465251763424
nathan,kognitif,10,lie,lie,True,12.579596751213735
nathan,kognitif,11,truth,truth,True,-6.671502688879922
nathan,kognitif,12,truth,truth,True,-6.805690303846344
nathan,kognitif,13,truth,truth,True,-6.325844012395423
nathan,kognitif,14,truth,truth,True,-6.0675924634219
nathan,kognitif,15,truth,truth,True,-7.848369013208379
nathan,kognitif,16,truth,truth,True,-8.556780049159896
nathan,kognitif,17,truth,truth,True,-3.9919143976870384
nathan,kognitif,18,truth,truth,True,-5.786488729073628
nathan,kognitif,19,truth,truth,True,-7.040820705189017
nathan,kognitif,20,truth,truth,True,-7.061186879040558
nathan,kognitif,21,truth,truth,True,-4.543235885478177
nathan,sosial,0,lie,lie,True,7.0743183176950675
nathan,sosial,1,lie,lie,True,6.69578197646384
nathan,sosial,2,lie,lie,True,9.895062648607016
nathan,sosial,3,lie,lie,True,10.317858265099233
nathan,sosial,4,lie,lie,True,8.499543134854994
nathan,sosial,5,lie,lie,True,11.728872405283095
nathan,sosial,6,lie,lie,True,10.783183963957178
nathan,sosial,7,lie,lie,True,9.671801380359325
nathan,sosial,8,lie,lie,True,7.649886225313214
nathan,sosial,9,lie,lie,True,7.99369828290129
nathan,sosial,10,lie,lie,True,7.5031804709152095
nathan,sosial,11,truth,truth,True,-17.573372459297758
nathan,sosial,12,truth,truth,True,-8.867271624958526
nathan,sosial,13,truth,truth,True,-5.6985015854727035
nathan,sosial,14,truth,truth,True,-9.200430273196417
nathan,sosial,15,truth,truth,True,-3.4222623367764307
nathan,sosial,16,truth,truth,True,-3.6230283367620686
nathan,sosial,17,truth,truth,True,-3.8892371933435967
nathan,sosial,18,truth,truth,True,-2.7115189495956944
nathan,sosial,19,truth,truth,True,-2.672168606580497
nathan,sosial,20,truth,truth,True,-5.511154558310437
nathan,sosial,21,truth,truth,True,-19.778927194326588
prayogi,emosi,0,lie,truth,False,-0.1206182426944271
prayogi,emosi,1,lie,lie,True,0.008150358855048917
prayogi,emosi,2,lie,lie,True,0.14551249644470626
prayogi,emosi,3,lie,lie,True,0.16206831334696284
prayogi,emosi,4,lie,lie,True,0.22890398224081565
prayogi,emosi,5,lie,lie,True,0.31359481650921994
prayogi,emosi,6,lie,lie,True,0.13802765402918388
prayogi,emosi,7,lie,lie,True,0.1639733900938926
prayogi,emosi,8,lie,lie,True,0.2328230199980323
prayogi,emosi,9,lie,lie,True,0.19480041363556683
prayogi,emosi,10,lie,lie,True,0.19091230983895063
prayogi,emosi,11,truth,lie,False,0.49228480861565255
prayogi,emosi,12,truth,lie,False,0.5081376070187336
prayogi,emosi,13,truth,truth,True,-0.23865364954621704
prayogi,emosi,14,truth,truth,True,-0.35714090092911593
prayogi,emosi,15,truth,truth,True,-0.4731096154547775
prayogi,emosi,16,truth,truth,True,-0.6256718218861056
prayogi,emosi,17,truth,truth,True,-0.7059589596278728
prayogi,emosi,18,truth,truth,True,-0.6475752634676227
prayogi,emosi,19,truth,truth,True,-0.5092537315814126
prayogi,emosi,20,truth,truth,True,-0.2553209529991655
prayogi,emosi,21,truth,truth,True,-0.19922748614875302
prayogi,etika,0,lie,lie,True,0.47429876930536224
prayogi,etika,1,lie,lie,True,0.5464864917344849
prayogi,etika,2,lie,lie,True,0.7597545748201697
prayogi,etika,3,lie,lie,True,0.9739063285189606
prayogi,etika,4,lie,lie,True,1.0041105990372787
prayogi,etika,5,lie,lie,True,0.9596598833831267
prayogi,etika,6,lie,lie,True,0.8184777100494636
prayogi,etika,7,lie,lie,True,0.6681226675482617
prayogi,etika,8,lie,lie,True,0.5998769539041315
prayogi,etika,9,lie,lie,True,0.7926371179767331
prayogi,etika,10,lie,lie,True,0.8396573109988208
prayogi,etika,11,truth,truth,True,-0.018084845712767805
prayogi,etika,12,truth,truth,True,-0.25111375126597557
prayogi,etika,13,truth,truth,True,-0.21643796352251166
prayogi,etika,14,truth,truth,True,-0.23896809827207555
prayogi,etika,15,truth,truth,True,-0.12286711300825792
prayogi,etika,16,truth,truth,True,-0.17029510019849442
prayogi,etika,17,truth,truth,True,-0.4758240212571346
prayogi,etika,18,truth,truth,True,-0.4473988356227708
prayogi,etika,19,truth,truth,True,-0.4640178931247419
prayogi,etika,20,truth,truth,True,-0.4267637828926059
prayogi,etika,21,truth,truth,True,-0.3981994218155179
prayogi,kognitif,0,lie,lie,True,0.1444294676382459
prayogi,kognitif,1,lie,lie,True,0.14442947114647423
prayogi,kognitif,2,lie,lie,True,0.1444295433314757
prayogi,kognitif,3,lie,lie,True,0.14455615979546435
prayogi,kognitif,4,lie,lie,True,0.14446956655492155
prayogi,kognitif,5,lie,lie,True,0.14472874930120447
prayogi,kognitif,6,lie,lie,True,0.14442956952354177
prayogi,kognitif,7,lie,lie,True,0.1444294667471842
prayogi,kognitif,8,lie,lie,True,0.14500104759636329
prayogi,kognitif,9,lie,lie,True,0.8334366313835746
prayogi,kognitif,10,lie,lie,True,1.04287262085778
prayogi,kognitif,11,truth,lie,False,0.1820604933538676
prayogi,kognitif,12,truth,lie,False,0.16489470581773882
prayogi,kognitif,13,truth,lie,False,0.14916596243976743
prayogi,kognitif,14,truth,lie,False,0.1507250788542933
prayogi,kognitif,15,truth,lie,False,0.14872929712477578
prayogi,kognitif,16,truth,lie,False,0.14772603487410524
prayogi,kognitif,17,truth,lie,False,0.15740022824498345
prayogi,kognitif,18,truth,lie,False,0.16691247341236354
prayogi,kognitif,19,truth,lie,False,0.186041178258679
prayogi,kognitif,20,truth,lie,False,0.1662502274795346
prayogi,kognitif,21,truth,lie,False,0.17660604127764984
prayogi,sosial,0,lie,lie,True,0.3982288554341288
prayogi,sosial,1,lie,lie,True,0.8376293035886798
prayogi,sosial,2,lie,lie,True,0.9066039168053963
prayogi,sosial,3,lie,lie,True,0.9350093325468709
prayogi,sosial,4,lie,lie,True,0.5693071805549995
prayogi,sosial,5,lie,lie,True,0.44938481145192233
prayogi,sosial,6,lie,lie,True,0.2061101268737623
prayogi,sosial,7,lie,lie,True,0.39116637658039966
prayogi,sosial,8,lie,lie,True,0.2804614277605233
prayogi,sosial,9,lie,lie,True,0.5772396961437012
prayogi,sosial,10,lie,lie,True,0.6354518801218015
prayogi,sosial,11,truth,truth,True,-0.22553265071207362
prayogi,sosial,12,truth,truth,True,-0.20728176849607866
prayogi,sosial,13,truth,truth,True,-0.3809931269057154
prayogi,sosial,14,truth,truth,True,-0.41291578935655393
prayogi,sosial,15,truth,truth,True,-0.20564411751726552
prayogi,sosial,16,truth,truth,True,-0.20828893364792972
prayogi,sosial,17,truth,truth,True,-0.2443449290990185
prayogi,sosial,18,truth,truth,True,-0.4682211031451289
prayogi,sosial,19,truth,truth,True,-0.5303802408433268
prayogi,sosial,20,truth,truth,True,-0.2952256649286282
prayogi,sosial,21,truth,truth,True,-0.3611851351828279
rizqi,emosi,0,lie,lie,True,0.9200269359911812
rizqi,emosi,1,lie,lie,True,1.2624874264101178
rizqi,emosi,2,lie,lie,True,1.3412764401365054
rizqi,emosi,3,lie,lie,True,1.2308984604183448
rizqi,emosi,4,lie,lie,True,0.9559231561498469
rizqi,emosi,5,lie,lie,True,0.9558851882678352
rizqi,emosi,6,lie,lie,True,1.0876833980508136
rizqi,emosi,7,lie,lie,True,1.0344738352139886
rizqi,emosi,8,lie,lie,True,0.8941588491096224
rizqi,emosi,9,lie,lie,True,0.7474542651126777
rizqi,emosi,10,lie,lie,True,0.8509233014543722
rizqi,emosi,11,truth,truth,True,-0.1510927970793256
rizqi,emosi,12,truth,truth,True,-0.18820141525685602
rizqi,emosi,13,truth,truth,True,-0.49227112218960495
rizqi,emosi,14,truth,truth,True,-0.5244445455797335
rizqi,emosi,15,truth,truth,True,-0.6085385438258
rizqi,emosi,16,truth,truth,True,-0.6643127770057193
rizqi,emosi,17,truth,truth,True,-1.0919923550888788
rizqi,emosi,18,truth,truth,True,-1.1346373305321686
rizqi,emosi,19,truth,truth,True,-1.0236920015447437
rizqi,emosi,20,truth,truth,True,-1.2053563293564518
rizqi,emosi,21,truth,truth,True,-1.1253785464139041
rizqi,etika,0,lie,lie,True,0.35055411563399735
rizqi,etika,1,lie,lie,True,0.41990064109662667
rizqi,etika,2,lie,lie,True,0.5065684943688789
rizqi,etika,3,lie,lie,True,0.639599030541433
rizqi,etika,4,lie,lie,True,0.5617735400612114
rizqi,etika,5,lie,lie,True,0.3038474400142626
rizqi,etika,6,lie,truth,False,-0.05028489112010166
rizqi,etika,7,lie,lie,True,0.04635182961320709
rizqi,etika,8,lie,truth,False,-0.1455718388350728
rizqi,etika,9,lie,truth,False,-0.3061804118843047
rizqi,etika,10,lie,truth,False,-0.3956490482637775
rizqi,etika,11,truth,truth,True,-0.19655048777770195
rizqi,etika,12,truth,truth,True,-0.25342764217259356
rizqi,etika,13,truth,truth,True,-0.20525252499198915
rizqi,etika,14,truth,truth,True,-0.1005425125094765
rizqi,etika,15,truth,truth,True,-0.0006116004683027337
rizqi,etika,16,truth,truth,True,-0.13275940406467862
rizqi,etika,17,truth,truth,True,-0.21989987258083227
rizqi,etika,18,truth,truth,True,-0.060354503449295785
rizqi,etika,19,truth,truth,True,-0.5766485273135444
rizqi,etika,20,truth,truth,True,-0.19090224571950815
rizqi,etika,21,truth,truth,True,-0.057439000862007775
rizqi,kognitif,0,lie,lie,True,0.8788347739045117
rizqi,kognitif,1,lie,lie,True,0.748352440494519
rizqi,kognitif,2,lie,lie,True,0.7858246056346903
rizqi,kognitif,3,lie,lie,True,0.6570559730387748
rizqi,kognitif,4,lie,lie,True,0.4672794937041116
rizqi,kognitif,5,lie,lie,True,0.7218039785743948
rizqi,kognitif,6,lie,lie,True,0.7038768917600322
rizqi,kognitif,7,lie,lie,True,0.6776939442198475
rizqi,kognitif,8,lie,lie,True,1.6084622344008872
rizqi,kognitif,9,lie,lie,True,1.3527239089310934
rizqi,kognitif,10,lie,lie,True,1.4529282992514683
rizqi,kognitif,11,truth,truth,True,-1.4396626121562877
rizqi,kognitif,12,truth,truth,True,-1.6273068220962967
rizqi,kognitif,13,truth,truth,True,-2.108640440502016
rizqi,kognitif,14,truth,truth,True,-2.4711915973682674
rizqi,kognitif,15,truth,truth,True,-2.5585131068226272
rizqi,kognitif,16,truth,truth,True,-2.773551953349723
rizqi,kognitif,17,truth,truth,True,-2.868220489118265
rizqi,kognitif,18,truth,truth,True,-2.970855545795934
rizqi,kognitif,19,truth,truth,True,-2.8777581729289046
rizqi,kognitif,20,truth,truth,True,-2.89621486577011
rizqi,kognitif,21,truth,truth,True,-3.1505971492751215
rizqi,sosial,0,lie,lie,True,1.4527960349651166
rizqi,sosial,1,lie,lie,True,1.3614105718136946
rizqi,sosial,2,lie,lie,True,1.3582402827532294
rizqi,sosial,3,lie,lie,True,1.6743358357812108
rizqi,sosial,4,lie,lie,True,1.776791300695191
rizqi,sosial,5,lie,lie,True,1.8412626008028943
rizqi,sosial,6,lie,lie,True,1.1816221162281002
rizqi,sosial,7,lie,lie,True,1.18936674173977
rizqi,sosial,8,lie,lie,True,1.3112552363181929
rizqi,sosial,9,lie,lie,True,1.7149998530713655
rizqi,sosial,10,lie,lie,True,1.4249101291464792
rizqi,sosial,11,truth,truth,True,-1.0162905024891467
rizqi,sosial,12,truth,truth,True,-1.7636972217733715
rizqi,sosial,13,truth,truth,True,-2.288623342063346
rizqi,sosial,14,truth,truth,True,-2.1002706994570595
rizqi,sosial,15,truth,truth,True,-2.248142892350714
rizqi,sosial,16,truth,truth,True,-1.5720156645406929
rizqi,sosial,17,truth,truth,True,-1.700160680454834
rizqi,sosial,18,truth,truth,True,-1.8043958096200379
rizqi,sosial,19,truth,truth,True,-1.5266593206841355
rizqi,sosial,20,truth,truth,True,-1.2089801227572285
rizqi,sosial,21,truth,truth,True,-1.47406257961385
